,0,0,0,0
,-0.0003,-0.0003,-50.4,-50.4
,-0.0003,-0.0006,-100.8,-100.8
,-0.0002,-0.0008,-134.4,-134.4
,0.0001,-0.0007,-117.6,-117.6
,-0.0002,-0.0009,-151.2,-151.2
,-0.0001,-0.001,-168,-168
,-0.0003,-0.0013,-218.4,-218.4
,0.0001,-0.0012,-201.6,-201.6
,0,-0.0012,-201.6,-201.6
,-0.0001,-0.0013,-218.4,-218.4
,0,-0.0013,-218.4,-218.4
,0,-0.0013,-218.4,-218.4
,-0.0003,-0.0016,-268.8,-268.8
,-0.0003,-0.0019,-319.2,-319.2
,0,-0.0019,-319.2,-319.2
,0,-0.0019,-319.2,-319.2
,0,-0.0019,-319.2,-319.2
,-0.0001,-0.002,-336,-336
,0.0001,-0.0019,-319.2,-319.2
,0.0004,-0.0015,-252,-252
,0.0003,-0.0012,-201.6,-201.6
,0.0004,-0.0008,-134.4,-134.4
,0,-0.0008,-134.4,-134.4
,0.0001,-0.0007,-117.6,-117.6
,1E-04,-0.0006,-100.8,-100.8
,0.0006,-1.21431E-17,-2.04003E-12,-2.04003E-12
,0,-1.21431E-17,-2.04003E-12,-2.04003E-12
,-0.0003,-0.0003,-50.4,-50.4
,-0.0002,-0.0005,-84,-84
,0.0004,-0.0001,-16.8,-16.8
,-0.0003,-0.0004,-67.2,-67.2
,0.0003,-0.0001,-16.8,-16.8
,-0.0001,-0.0002,-33.6,-33.6
,0.0003,1E-04,16.8,0
,-0.0003,-0.0002,-33.6,-50.4
,-0.0003,-0.0005,-84,-100.8
,-0.0003,-0.0008,-134.4,-151.2
,0,-0.0008,-134.4,-151.2
,-0.0003,-0.0011,-184.8,-201.6
,-1E-04,-0.0012,-201.6,-218.4
,-1E-04,-0.0013,-218.4,-235.2
,-0.0003,-0.0016,-268.8,-285.6
,0,-0.0016,-268.8,-285.6
,-0.0002,-0.0018,-302.4,-319.2
,0,-0.0018,-302.4,-319.2
,0,-0.0018,-302.4,-319.2
,0.0001,-0.0017,-285.6,-302.4
,-0.0003,-0.002,-336,-352.8
,0,-0.002,-336,-352.8
,0.0002,-0.0018,-302.4,-319.2
,0.0002,-0.0016,-268.8,-285.6
,0,-0.0016,-268.8,-285.6
,0,-0.0016,-268.8,-285.6
,-0.0003,-0.0019,-319.2,-336
,1E-04,-0.0018,-302.4,-319.2
,-0.0003,-0.0021,-352.8,-369.6
,0,-0.0021,-352.8,-369.6
,-0.0003,-0.0024,-403.2,-420
,-1E-04,-0.0025,-420,-436.8
,0,-0.0025,-420,-436.8
,0,-0.0025,-420,-436.8
,0,-0.0025,-420,-436.8
,1E-04,-0.0024,-403.2,-420
,-1E-04,-0.0025,-420,-436.8
,0.0002,-0.0023,-386.4,-403.2
,-0.0002,-0.0025,-420,-436.8
,0.0009,-0.0016,-268.8,-285.6
,-0.0002,-0.0018,-302.4,-319.2
,-0.0003,-0.0021,-352.8,-369.6
,-0.0003,-0.0024,-403.2,-420
,-0.0003,-0.0027,-453.6,-470.4
,-0.0001,-0.0028,-470.4,-487.2
,-1E-04,-0.0029,-487.2,-504
,0,-0.0029,-487.2,-504
,-1E-04,-0.003,-504,-520.8
,0,-0.003,-504,-520.8
,-0.0003,-0.0033,-554.4,-571.2
,-0.0003,-0.0036,-604.8,-621.6
,0,-0.0036,-604.8,-621.6
,0,-0.0036,-604.8,-621.6
,0.0003,-0.0033,-554.4,-571.2
,0,-0.0033,-554.4,-571.2
,0.0008,-0.0025,-420,-436.8
,-0.0003,-0.0028,-470.4,-487.2
,-0.0003,-0.0031,-520.8,-537.6
,-0.0003,-0.0034,-571.2,-588
,0,-0.0034,-571.2,-588
,0.0001,-0.0033,-554.4,-571.2
,0,-0.0033,-554.4,-571.2
,0,-0.0033,-554.4,-571.2
,0.0002,-0.0031,-520.8,-537.6
,0,-0.0031,-520.8,-537.6
,0.0003,-0.0028,-470.4,-487.2
,0.0003,-0.0025,-420,-436.8
,0.001,-0.0015,-252,-268.8
,0,-0.0015,-252,-268.8
,0.0002,-0.0013,-218.4,-235.2
,1E-04,-0.0012,-201.6,-218.4
,0.0003,-0.0009,-151.2,-168
,-0.0002,-0.0011,-184.8,-201.6
,0.0002,-0.0009,-151.2,-168
,0,-0.0009,-151.2,-168
,-0.0003,-0.0012,-201.6,-218.4
,0.0003,-0.0009,-151.2,-168
,0.0002,-0.0007,-117.6,-134.4
,-0.0003,-0.001,-168,-184.8
,0,-0.001,-168,-184.8
,-0.0001,-0.0011,-184.8,-201.6
,0.0003,-0.0008,-134.4,-151.2
,-0.0003,-0.0011,-184.8,-201.6
,-1E-04,-0.0012,-201.6,-218.4
,0.0001,-0.0011,-184.8,-201.6
,0.0002,-0.0009,-151.2,-168
,-0.0003,-0.0012,-201.6,-218.4
,0,-0.0012,-201.6,-218.4
,0.0001,-0.0011,-184.8,-201.6
,0,-0.0011,-184.8,-201.6
,-0.0003,-0.0014,-235.2,-252
,0,-0.0014,-235.2,-252
,0,-0.0014,-235.2,-252
,0,-0.0014,-235.2,-252
,0.0011,-0.0003,-50.4,-67.2
,-0.0003,-0.0006,-100.8,-117.6
,0,-0.0006,-100.8,-117.6
,0,-0.0006,-100.8,-117.6
,0,-0.0006,-100.8,-117.6
,0.0001,-0.0005,-84,-100.8
,0.0004,-1E-04,-16.8,-33.6
,1E-04,9.97466E-18,1.67574E-12,-16.8
,0.0005,0.0005,84,0
,-0.0001,0.0004,67.2,-16.8
,0.0006,0.001,168,0
,0,0.001,168,0
,0,0.001,168,0
,0.0002,0.0012,201.6,0
,1E-04,0.0013,218.4,0
,-0.0003,0.001,168,-50.4
,-0.0003,0.0007,117.6,-100.8
,0.0003,0.001,168,-50.4
,0,0.001,168,-50.4
,0,0.001,168,-50.4
,0.0002,0.0012,201.6,-16.8
,0,0.0012,201.6,-16.8
,-0.0001,0.0011,184.8,-33.6
,0,0.0011,184.8,-33.6
,0.0004,0.0015,252,0
,-0.0003,0.0012,201.6,-50.4
,0,0.0012,201.6,-50.4
,0.0001,0.0013,218.4,-33.6
,-0.0003,0.001,168,-84
,-0.0002,0.0008,134.4,-117.6
,0.0001,0.0009,151.2,-100.8
,0,0.0009,151.2,-100.8
,0.0007,0.0016,268.8,0
,0.0008,0.0024,403.2,0
,0.0002,0.0026,436.8,0
,1E-04,0.0027,453.6,0
,0,0.0027,453.6,0
,0,0.0027,453.6,0
,0,0.0027,453.6,0
,-0.0003,0.0024,403.2,-50.4
,1E-04,0.0025,420,-33.6
,-0.0002,0.0023,386.4,-67.2
,0,0.0023,386.4,-67.2
,0,0.0023,386.4,-67.2
,0,0.0023,386.4,-67.2
,0,0.0023,386.4,-67.2
,0.0002,0.0025,420,-33.6
,-0.0002,0.0023,386.4,-67.2
,0,0.0023,386.4,-67.2
,-0.0003,0.002,336,-117.6
,0,0.002,336,-117.6
,-0.0003,0.0017,285.6,-168
,0,0.0017,285.6,-168
,0.0001,0.0018,302.4,-151.2
,-0.0003,0.0015,252,-201.6
,-0.0002,0.0013,218.4,-235.2
,-0.0002,0.0011,184.8,-268.8
,0.0001,0.0012,201.6,-252
,-1E-04,0.0011,184.8,-268.8
,-0.0003,0.0008,134.4,-319.2
,0.0002,0.001,168,-285.6
,-0.0003,0.0007,117.6,-336
,-0.0001,0.0006,100.8,-352.8
,-0.0003,0.0003,50.4,-403.2
,-0.0003,9.86624E-18,1.65753E-12,-453.6
,0,9.86624E-18,1.65753E-12,-453.6
,0,9.86624E-18,1.65753E-12,-453.6
,-1E-04,-1E-04,-16.8,-470.4
,-0.0003,-0.0004,-67.2,-520.8
,0,-0.0004,-67.2,-520.8
,0.0003,-1E-04,-16.8,-470.4
,0.0006,0.0005,84,-369.6
,0.0003,0.0008,134.4,-319.2
,0.0006,0.0014,235.2,-218.4
,0.0003,0.0017,285.6,-168
,0,0.0017,285.6,-168
,0.0002,0.0019,319.2,-134.4
,0.0003,0.0022,369.6,-84
,-0.0003,0.0019,319.2,-134.4
,0.0002,0.0021,352.8,-100.8
,0.0002,0.0023,386.4,-67.2
,0,0.0023,386.4,-67.2
,-0.0003,0.002,336,-117.6
,0.0002,0.0022,369.6,-84
,0.0007,0.0029,487.2,0
,0,0.0029,487.2,0
,-0.0003,0.0026,436.8,-50.4
,0.0002,0.0028,470.4,-16.8
,0.0006,0.0034,571.2,0
,-0.0003,0.0031,520.8,-50.4
,0.0004,0.0035,588,0
,0,0.0035,588,0
,0,0.0035,588,0
,0.0004,0.0039,655.2,0
,0,0.0039,655.2,0
,0,0.0039,655.2,0
,-0.0002,0.0037,621.6,-33.6
,0.002,0.0057,957.6,0
,0,0.0057,957.6,0
,0,0.0057,957.6,0
,-0.0001,0.0056,940.8,-16.8
,-0.0003,0.0053,890.4,-67.2
,-0.0003,0.005,840,-117.6
,0.0002,0.0052,873.6,-84
,0,0.0052,873.6,-84
,0.0003,0.0055,924,-33.6
,-0.0001,0.0054,907.2,-50.4
,0,0.0054,907.2,-50.4
,0.0003,0.0057,957.6,-6.82121E-13
,0.0001,0.0058,974.4,0
,-0.0001,0.0057,957.6,-16.8
,0,0.0057,957.6,-16.8
,1E-04,0.0058,974.4,-1.02318E-12
,-0.0003,0.0055,924,-50.4
,-0.0003,0.0052,873.6,-100.8
,1E-04,0.0053,890.4,-84
,-0.0001,0.0052,873.6,-100.8
,0.0011,0.0063,1058.4,0
,0.0004,0.0067,1125.6,0
,0.0002,0.0069,1159.2,0
,0,0.0069,1159.2,0
,-0.0003,0.0066,1108.8,-50.4
,1E-04,0.0067,1125.6,-33.6
,-0.0003,0.0064,1075.2,-84
,-0.0003,0.0061,1024.8,-134.4
,0,0.0061,1024.8,-134.4
,0,0.0061,1024.8,-134.4
,0,0.0061,1024.8,-134.4
,0,0.0061,1024.8,-134.4
,0,0.0061,1024.8,-134.4
,0,0.0061,1024.8,-134.4
,-0.0003,0.0058,974.4,-184.8
,0,0.0058,974.4,-184.8
,0,0.0058,974.4,-184.8
,-0.0002,0.0056,940.8,-218.4
,0.0004,0.006,1008,-151.2
,0.0002,0.0062,1041.6,-117.6
,-0.0003,0.0059,991.2,-168
,0.0005,0.0064,1075.2,-84
,0.0001,0.0065,1092,-67.2
,-1E-04,0.0064,1075.2,-84
,0,0.0064,1075.2,-84
,0,0.0064,1075.2,-84
,-0.0001,0.0063,1058.4,-100.8
,0.0001,0.0064,1075.2,-84
,0.0001,0.0065,1092,-67.2
,0,0.0065,1092,-67.2
,0,0.0065,1092,-67.2
,-0.0002,0.0063,1058.4,-100.8
,0,0.0063,1058.4,-100.8
,-0.0003,0.006,1008,-151.2
,-0.0003,0.0057,957.6,-201.6
,-0.0002,0.0055,924,-235.2
,1E-04,0.0056,940.8,-218.4
,0.0002,0.0058,974.4,-184.8
,0.0001,0.0059,991.2,-168
,-0.0001,0.0058,974.4,-184.8
,0,0.0058,974.4,-184.8
,0,0.0058,974.4,-184.8
,-0.0003,0.0055,924,-235.2
,1E-04,0.0056,940.8,-218.4
,-0.0003,0.0053,890.4,-268.8
,-0.0003,0.005,840,-319.2
,0.0005,0.0055,924,-235.2
,-0.0002,0.0053,890.4,-268.8
,0.0002,0.0055,924,-235.2
,0,0.0055,924,-235.2
,0,0.0055,924,-235.2
,-0.0003,0.0052,873.6,-285.6
,0,0.0052,873.6,-285.6
,0,0.0052,873.6,-285.6
,-0.0001,0.0051,856.8,-302.4
,0,0.0051,856.8,-302.4
,0.0001,0.0052,873.6,-285.6
,0,0.0052,873.6,-285.6
,0,0.0052,873.6,-285.6
,0,0.0052,873.6,-285.6
,0,0.0052,873.6,-285.6
,0,0.0052,873.6,-285.6
,-0.0003,0.0049,823.2,-336
,-0.0003,0.0046,772.8,-386.4
,0,0.0046,772.8,-386.4
,-0.0003,0.0043,722.4,-436.8
,0.0002,0.0045,756,-403.2
,0,0.0045,756,-403.2
,0.0001,0.0046,772.8,-386.4
,0,0.0046,772.8,-386.4
,0.0002,0.0048,806.4,-352.8
,0.0001,0.0049,823.2,-336
,0,0.0049,823.2,-336
,0,0.0049,823.2,-336
,0.0007,0.0056,940.8,-218.4
,-0.0002,0.0054,907.2,-252
,0,0.0054,907.2,-252
,-0.0003,0.0051,856.8,-302.4
,1E-04,0.0052,873.6,-285.6
,-0.0003,0.0049,823.2,-336
,0,0.0049,823.2,-336
,0,0.0049,823.2,-336
,0,0.0049,823.2,-336
,0.0003,0.0052,873.6,-285.6
,-0.0001,0.0051,856.8,-302.4
,0,0.0051,856.8,-302.4
,0.0001,0.0052,873.6,-285.6
,0.0001,0.0053,890.4,-268.8
,-1E-04,0.0052,873.6,-285.6
,0.0001,0.0053,890.4,-268.8
,0.0002,0.0055,924,-235.2
,0.0001,0.0056,940.8,-218.4
,0,0.0056,940.8,-218.4
,-0.0002,0.0054,907.2,-252
,0.0002,0.0056,940.8,-218.4
,-0.0003,0.0053,890.4,-268.8
,-0.0003,0.005,840,-319.2
,-0.0003,0.0047,789.6,-369.6
,0.0006,0.0053,890.4,-268.8
,0,0.0053,890.4,-268.8
,0,0.0053,890.4,-268.8
,-0.0001,0.0052,873.6,-285.6
,-0.0003,0.0049,823.2,-336
,-0.0003,0.0046,772.8,-386.4
,0.0005,0.0051,856.8,-302.4
,0,0.0051,856.8,-302.4
,-0.0003,0.0048,806.4,-352.8
,0.0003,0.0051,856.8,-302.4
,0.0002,0.0053,890.4,-268.8
,1E-04,0.0054,907.2,-252
,0,0.0054,907.2,-252
,0.0004,0.0058,974.4,-184.8
,0,0.0058,974.4,-184.8
,1E-04,0.0059,991.2,-168
,0.0005,0.0064,1075.2,-84
,0.0002,0.0066,1108.8,-50.4
,0,0.0066,1108.8,-50.4
,0,0.0066,1108.8,-50.4
,0.0001,0.0067,1125.6,-33.6
,-0.0003,0.0064,1075.2,-84
,0,0.0064,1075.2,-84
,-1E-04,0.0063,1058.4,-100.8
,-0.0001,0.0062,1041.6,-117.6
,0.0002,0.0064,1075.2,-84
,-0.0003,0.0061,1024.8,-134.4
,0,0.0061,1024.8,-134.4
,0,0.0061,1024.8,-134.4
,0,0.0061,1024.8,-134.4
,-0.0003,0.0058,974.4,-184.8
,0.0005,0.0063,1058.4,-100.8
,0.0001,0.0064,1075.2,-84
,0.0002,0.0066,1108.8,-50.4
,0,0.0066,1108.8,-50.4
,-0.0003,0.0063,1058.4,-100.8
,-0.0003,0.006,1008,-151.2
,0.0006,0.0066,1108.8,-50.4
,0,0.0066,1108.8,-50.4
,0,0.0066,1108.8,-50.4
,-0.0003,0.0063,1058.4,-100.8
,1E-04,0.0064,1075.2,-84
,0,0.0064,1075.2,-84
,0.0001,0.0065,1092,-67.2
,-0.0001,0.0064,1075.2,-84
,0,0.0064,1075.2,-84
,-0.0003,0.0061,1024.8,-134.4
,0,0.0061,1024.8,-134.4
,0,0.0061,1024.8,-134.4
,-0.0003,0.0058,974.4,-184.8
,-0.0003,0.0055,924,-235.2
,0,0.0055,924,-235.2
,-0.0003,0.0052,873.6,-285.6
,-1E-04,0.0051,856.8,-302.4
,-0.0002,0.0049,823.2,-336
,-0.0002,0.0047,789.6,-369.6
,-0.0003,0.0044,739.2,-420
,-0.0003,0.0041,688.8,-470.4
,-0.0003,0.0038,638.4,-520.8
,-0.0003,0.0035,588,-571.2
,0.0002,0.0037,621.6,-537.6
,0,0.0037,621.6,-537.6
,0,0.0037,621.6,-537.6
,0,0.0037,621.6,-537.6
,0.0002,0.0039,655.2,-504
,0,0.0039,655.2,-504
,-0.0003,0.0036,604.8,-554.4
,0,0.0036,604.8,-554.4
,0.0004,0.004,672,-487.2
,-0.0003,0.0037,621.6,-537.6
,0.0001,0.0038,638.4,-520.8
,0,0.0038,638.4,-520.8
,0.0008,0.0046,772.8,-386.4
,0,0.0046,772.8,-386.4
,-0.0003,0.0043,722.4,-436.8
,1E-04,0.0044,739.2,-420
,-0.0003,0.0041,688.8,-470.4
,0,0.0041,688.8,-470.4
,0,0.0041,688.8,-470.4
,-0.0002,0.0039,655.2,-504
,0.0003,0.0042,705.6,-453.6
,-0.0003,0.0039,655.2,-504
,0.0005,0.0044,739.2,-420
,0,0.0044,739.2,-420
,0,0.0044,739.2,-420
,0,0.0044,739.2,-420
,-0.0001,0.0043,722.4,-436.8
,0,0.0043,722.4,-436.8
,0.001,0.0053,890.4,-268.8
,0.0003,0.0056,940.8,-218.4
,0.0002,0.0058,974.4,-184.8
,0.0004,0.0062,1041.6,-117.6
,0.0005,0.0067,1125.6,-33.6
,0.0002,0.0069,1159.2,0
,0.0001,0.007,1176,0
,0.0002,0.0072,1209.6,0
,0,0.0072,1209.6,0
,0.0003,0.0075,1260,0
,-0.0001,0.0074,1243.2,-16.8
,0,0.0074,1243.2,-16.8
,-0.0001,0.0073,1226.4,-33.6
,0.0003,0.0076,1276.8,0
,0.0001,0.0077,1293.6,0
,0,0.0077,1293.6,0
,0.0002,0.0079,1327.2,0
,0.0008,0.0087,1461.6,0
,0.0001,0.0088,1478.4,0
,0.0007,0.0095,1596,0
,0.0003,0.0098,1646.4,0
,1E-04,0.0099,1663.2,0
,-1E-04,0.0098,1646.4,-16.8
,0,0.0098,1646.4,-16.8
,-0.0003,0.0095,1596,-67.2
,0,0.0095,1596,-67.2
,-0.0003,0.0092,1545.6,-117.6
,-0.0001,0.0091,1528.8,-134.4
,0.0001,0.0092,1545.6,-117.6
,0,0.0092,1545.6,-117.6
,0,0.0092,1545.6,-117.6
,0,0.0092,1545.6,-117.6
,-0.0003,0.0089,1495.2,-168
,0.0001,0.009,1512,-151.2
,0.0002,0.0092,1545.6,-117.6
,0,0.0092,1545.6,-117.6
,0,0.0092,1545.6,-117.6
,-0.0003,0.0089,1495.2,-168
,0,0.0089,1495.2,-168
,0,0.0089,1495.2,-168
,-0.0003,0.0086,1444.8,-218.4
,0,0.0086,1444.8,-218.4
,0,0.0086,1444.8,-218.4
,-0.0003,0.0083,1394.4,-268.8
,0,0.0083,1394.4,-268.8
,-0.0001,0.0082,1377.6,-285.6
,0.0005,0.0087,1461.6,-201.6
,-0.0003,0.0084,1411.2,-252
,-0.0003,0.0081,1360.8,-302.4
,-0.0003,0.0078,1310.4,-352.8
,0,0.0078,1310.4,-352.8
,0,0.0078,1310.4,-352.8
,-0.0002,0.0076,1276.8,-386.4
,0,0.0076,1276.8,-386.4
,0.0005,0.0081,1360.8,-302.4
,0,0.0081,1360.8,-302.4
,-0.0002,0.0079,1327.2,-336
,0.0003,0.0082,1377.6,-285.6
,0.0005,0.0087,1461.6,-201.6
,-0.0003,0.0084,1411.2,-252
,-1E-04,0.0083,1394.4,-268.8
,0.0002,0.0085,1428,-235.2
,-0.0003,0.0082,1377.6,-285.6
,-0.0003,0.0079,1327.2,-336
,1E-04,0.008,1344,-319.2
,0.0003,0.0083,1394.4,-268.8
,-0.0003,0.008,1344,-319.2
,0.001,0.009,1512,-151.2
,0,0.009,1512,-151.2
,0.0003,0.0093,1562.4,-100.8
,-0.0002,0.0091,1528.8,-134.4
,0,0.0091,1528.8,-134.4
,-0.0001,0.009,1512,-151.2
,0.0004,0.0094,1579.2,-84
,-0.0003,0.0091,1528.8,-134.4
,0,0.0091,1528.8,-134.4
,-0.0003,0.0088,1478.4,-184.8
,0.0002,0.009,1512,-151.2
,0.0001,0.0091,1528.8,-134.4
,0.0003,0.0094,1579.2,-84
,0,0.0094,1579.2,-84
,0.0011,0.0105,1764,0
,-0.0001,0.0104,1747.2,-16.8
,1E-04,0.0105,1764,-1.13687E-12
,0.0003,0.0108,1814.4,0
,-0.0003,0.0105,1764,-50.4
,0,0.0105,1764,-50.4
,0,0.0105,1764,-50.4
,-0.0002,0.0103,1730.4,-84
,0.0002,0.0105,1764,-50.4
,0.0001,0.0106,1780.8,-33.6
,0,0.0106,1780.8,-33.6
,0.0003,0.0109,1831.2,0
,0.0003,0.0112,1881.6,0
,0,0.0112,1881.6,0
,-0.0002,0.011,1848,-33.6
,-0.0003,0.0107,1797.6,-84
,0.0001,0.0108,1814.4,-67.2
,0.0001,0.0109,1831.2,-50.4
,0,0.0109,1831.2,-50.4
,1E-04,0.011,1848,-33.6
,0.0001,0.0111,1864.8,-16.8
,0,0.0111,1864.8,-16.8
,0.0003,0.0114,1915.2,0
,0.0003,0.0117,1965.6,0
,0,0.0117,1965.6,0
,0.0001,0.0118,1982.4,0
,0,0.0118,1982.4,0
,0.0003,0.0121,2032.8,0
,0.0001,0.0122,2049.6,0
,0,0.0122,2049.6,0
,-0.0002,0.012,2016,-33.6
,-0.0003,0.0117,1965.6,-84
,0.0003,0.012,2016,-33.6
,0.0003,0.0123,2066.4,0
,-0.0003,0.012,2016,-50.4
,1E-04,0.0121,2032.8,-33.6
,-0.0003,0.0118,1982.4,-84
,-0.0003,0.0115,1932,-134.4
,0.0002,0.0117,1965.6,-100.8
,0.0001,0.0118,1982.4,-84
,0,0.0118,1982.4,-84
,-1E-04,0.0117,1965.6,-100.8
,0.0005,0.0122,2049.6,-16.8
,0.0002,0.0124,2083.2,0
,0.0006,0.013,2184,0
,-0.0003,0.0127,2133.6,-50.4
,0,0.0127,2133.6,-50.4
,0,0.0127,2133.6,-50.4
,-0.0003,0.0124,2083.2,-100.8
,0.0003,0.0127,2133.6,-50.4
,0.0015,0.0142,2385.6,0
,0.0003,0.0145,2436,0
,0,0.0145,2436,0
,-0.0003,0.0142,2385.6,-50.4
,0,0.0142,2385.6,-50.4
,0.0002,0.0144,2419.2,-16.8
,0,0.0144,2419.2,-16.8
,0.0011,0.0155,2604,0
,-1E-04,0.0154,2587.2,-16.8
,0.0003,0.0157,2637.6,0
,0,0.0157,2637.6,0
,-0.0001,0.0156,2620.8,-16.8
,0,0.0156,2620.8,-16.8
,0.0005,0.0161,2704.8,0
,-0.0001,0.016,2688,-16.8
,-0.0003,0.0157,2637.6,-67.2
,0.0008,0.0165,2772,0
,0,0.0165,2772,0
,0,0.0165,2772,0
,0.0001,0.0166,2788.8,0
,1E-04,0.0167,2805.6,0
,-0.0003,0.0164,2755.2,-50.4
,0.0001,0.0165,2772,-33.6
,0.0007,0.0172,2889.6,0
,0.0001,0.0173,2906.4,0
,0,0.0173,2906.4,0
,0,0.0173,2906.4,0
,-0.0003,0.017,2856,-50.4
,-0.0003,0.0167,2805.6,-100.8
,-0.0003,0.0164,2755.2,-151.2
,-0.0003,0.0161,2704.8,-201.6
,0.0002,0.0163,2738.4,-168
,-0.0001,0.0162,2721.6,-184.8
,0,0.0162,2721.6,-184.8
,0,0.0162,2721.6,-184.8
,-0.0003,0.0159,2671.2,-235.2
,-0.0003,0.0156,2620.8,-285.6
,-0.0002,0.0154,2587.2,-319.2
,0,0.0154,2587.2,-319.2
,0.0003,0.0157,2637.6,-268.8
,0,0.0157,2637.6,-268.8
,0,0.0157,2637.6,-268.8
,1E-04,0.0158,2654.4,-252
,-0.0002,0.0156,2620.8,-285.6
,0.0005,0.0161,2704.8,-201.6
,-0.0003,0.0158,2654.4,-252
,0.0002,0.016,2688,-218.4
,0,0.016,2688,-218.4
,0.0004,0.0164,2755.2,-151.2
,-0.0002,0.0162,2721.6,-184.8
,0.0002,0.0164,2755.2,-151.2
,0,0.0164,2755.2,-151.2
,0,0.0164,2755.2,-151.2
,0,0.0164,2755.2,-151.2
,-0.0003,0.0161,2704.8,-201.6
,-1E-04,0.016,2688,-218.4
,-0.0003,0.0157,2637.6,-268.8
,-0.0003,0.0154,2587.2,-319.2
,0.0003,0.0157,2637.6,-268.8
,0.0001,0.0158,2654.4,-252
,0,0.0158,2654.4,-252
,0.0005,0.0163,2738.4,-168
,-0.0003,0.016,2688,-218.4
,0,0.016,2688,-218.4
,-0.0002,0.0158,2654.4,-252
,0.0002,0.016,2688,-218.4
,0.0002,0.0162,2721.6,-184.8
,-0.0002,0.016,2688,-218.4
,-1E-04,0.0159,2671.2,-235.2
,0,0.0159,2671.2,-235.2
,-0.0003,0.0156,2620.8,-285.6
,-0.0003,0.0153,2570.4,-336
,0.0003,0.0156,2620.8,-285.6
,-0.0003,0.0153,2570.4,-336
,0.0002,0.0155,2604,-302.4
,-0.0001,0.0154,2587.2,-319.2
,1E-04,0.0155,2604,-302.4
,0,0.0155,2604,-302.4
,-0.0001,0.0154,2587.2,-319.2
,0,0.0154,2587.2,-319.2
,-0.0003,0.0151,2536.8,-369.6
,0,0.0151,2536.8,-369.6
,0.0003,0.0154,2587.2,-319.2
,0.0004,0.0158,2654.4,-252
,-0.0003,0.0155,2604,-302.4
,-0.0003,0.0152,2553.6,-352.8
,0,0.0152,2553.6,-352.8
,-0.0001,0.0151,2536.8,-369.6
,-0.0003,0.0148,2486.4,-420
,-0.0003,0.0145,2436,-470.4
,-0.0001,0.0144,2419.2,-487.2
,-0.0003,0.0141,2368.8,-537.6
,0.0001,0.0142,2385.6,-520.8
,0.0002,0.0144,2419.2,-487.2
,-0.0002,0.0142,2385.6,-520.8
,0,0.0142,2385.6,-520.8
,0,0.0142,2385.6,-520.8
,0,0.0142,2385.6,-520.8
,0,0.0142,2385.6,-520.8
,0.0001,0.0143,2402.4,-504
,-0.0003,0.014,2352,-554.4
,0.0002,0.0142,2385.6,-520.8
,-0.0003,0.0139,2335.2,-571.2
,-0.0003,0.0136,2284.8,-621.6
,-0.0003,0.0133,2234.4,-672
,-0.0002,0.0131,2200.8,-705.6
,0,0.0131,2200.8,-705.6
,-1E-04,0.013,2184,-722.4
,0,0.013,2184,-722.4
,-0.0003,0.0127,2133.6,-772.8
,-0.0003,0.0124,2083.2,-823.2
,0.0001,0.0125,2100,-806.4
,0.0006,0.0131,2200.8,-705.6
,0.0002,0.0133,2234.4,-672
,0.0003,0.0136,2284.8,-621.6
,0,0.0136,2284.8,-621.6
,0,0.0136,2284.8,-621.6
,0,0.0136,2284.8,-621.6
,0,0.0136,2284.8,-621.6
,-0.0001,0.0135,2268,-638.4
,0.0001,0.0136,2284.8,-621.6
,0,0.0136,2284.8,-621.6
,-0.0003,0.0133,2234.4,-672
,-0.0003,0.013,2184,-722.4
,-0.0003,0.0127,2133.6,-772.8
,-0.0003,0.0124,2083.2,-823.2
,0.0003,0.0127,2133.6,-772.8
,-1E-04,0.0126,2116.8,-789.6
,0,0.0126,2116.8,-789.6
,0,0.0126,2116.8,-789.6
,0.0002,0.0128,2150.4,-756
,-0.0003,0.0125,2100,-806.4
,-0.0003,0.0122,2049.6,-856.8
,0,0.0122,2049.6,-856.8
,-0.0003,0.0119,1999.2,-907.2
,0,0.0119,1999.2,-907.2
,-0.0003,0.0116,1948.8,-957.6
,0.0003,0.0119,1999.2,-907.2
,-0.0003,0.0116,1948.8,-957.6
,-0.0001,0.0115,1932,-974.4
,-0.0001,0.0114,1915.2,-991.2
,0.0007,0.0121,2032.8,-873.6
,0.0004,0.0125,2100,-806.4
,0.0004,0.0129,2167.2,-739.2
,-0.0003,0.0126,2116.8,-789.6
,0,0.0126,2116.8,-789.6
,0,0.0126,2116.8,-789.6
,0.0001,0.0127,2133.6,-772.8
,-0.0003,0.0124,2083.2,-823.2
,-0.0003,0.0121,2032.8,-873.6
,1E-04,0.0122,2049.6,-856.8
,0.0008,0.013,2184,-722.4
,0.0001,0.0131,2200.8,-705.6
,0,0.0131,2200.8,-705.6
,0.0002,0.0133,2234.4,-672
,0.0001,0.0134,2251.2,-655.2
,-0.0003,0.0131,2200.8,-705.6
,-0.0003,0.0128,2150.4,-756
,0,0.0128,2150.4,-756
,0,0.0128,2150.4,-756
,1E-04,0.0129,2167.2,-739.2
,0.0004,0.0133,2234.4,-672
,-0.0001,0.0132,2217.6,-688.8
,0,0.0132,2217.6,-688.8
,0.0003,0.0135,2268,-638.4
,-0.0003,0.0132,2217.6,-688.8
,0,0.0132,2217.6,-688.8
,0.0006,0.0138,2318.4,-588
,-0.0003,0.0135,2268,-638.4
,0.0003,0.0138,2318.4,-588
,0.0002,0.014,2352,-554.4
,-0.0002,0.0138,2318.4,-588
,-0.0003,0.0135,2268,-638.4
,0.0007,0.0142,2385.6,-520.8
,-0.0003,0.0139,2335.2,-571.2
,0.0001,0.014,2352,-554.4
,-1E-04,0.0139,2335.2,-571.2
,-0.0001,0.0138,2318.4,-588
,-0.0003,0.0135,2268,-638.4
,0.0004,0.0139,2335.2,-571.2
,0.0003,0.0142,2385.6,-520.8
,0.0002,0.0144,2419.2,-487.2
,0,0.0144,2419.2,-487.2
,-0.0002,0.0142,2385.6,-520.8
,-0.0003,0.0139,2335.2,-571.2
,-0.0003,0.0136,2284.8,-621.6
,0.0003,0.0139,2335.2,-571.2
,0,0.0139,2335.2,-571.2
,-0.0002,0.0137,2301.6,-604.8
,0,0.0137,2301.6,-604.8
,-0.0002,0.0135,2268,-638.4
,0.0004,0.0139,2335.2,-571.2
,0.0004,0.0143,2402.4,-504
,-0.0003,0.014,2352,-554.4
,-0.0003,0.0137,2301.6,-604.8
,0.0002,0.0139,2335.2,-571.2
,1E-04,0.014,2352,-554.4
,-0.0003,0.0137,2301.6,-604.8
,-0.0003,0.0134,2251.2,-655.2
,1E-04,0.0135,2268,-638.4
,-0.0001,0.0134,2251.2,-655.2
,0,0.0134,2251.2,-655.2
,-0.0003,0.0131,2200.8,-705.6
,1E-04,0.0132,2217.6,-688.8
,0.0001,0.0133,2234.4,-672
,0.0005,0.0138,2318.4,-588
,-0.0003,0.0135,2268,-638.4
,-0.0003,0.0132,2217.6,-688.8
,0.0007,0.0139,2335.2,-571.2
,0,0.0139,2335.2,-571.2
,0.0006,0.0145,2436,-470.4
,-0.0003,0.0142,2385.6,-520.8
,-0.0003,0.0139,2335.2,-571.2
,0.0003,0.0142,2385.6,-520.8
,-0.0003,0.0139,2335.2,-571.2
,0.0007,0.0146,2452.8,-453.6
,-0.0003,0.0143,2402.4,-504
,0.0006,0.0149,2503.2,-403.2
,-0.0003,0.0146,2452.8,-453.6
,-0.0003,0.0143,2402.4,-504
,0,0.0143,2402.4,-504
,0,0.0143,2402.4,-504
,0,0.0143,2402.4,-504
,-0.0003,0.014,2352,-554.4
,0.0004,0.0144,2419.2,-487.2
,-1E-04,0.0143,2402.4,-504
,0.0006,0.0149,2503.2,-403.2
,0,0.0149,2503.2,-403.2
,0.0002,0.0151,2536.8,-369.6
,-0.0003,0.0148,2486.4,-420
,0.0005,0.0153,2570.4,-336
,0,0.0153,2570.4,-336
,-0.0003,0.015,2520,-386.4
,0,0.015,2520,-386.4
,-0.0002,0.0148,2486.4,-420
,-0.0003,0.0145,2436,-470.4
,0.0002,0.0147,2469.6,-436.8
,0,0.0147,2469.6,-436.8
,-0.0003,0.0144,2419.2,-487.2
,-0.0003,0.0141,2368.8,-537.6
,-0.0003,0.0138,2318.4,-588
,-0.0003,0.0135,2268,-638.4
,0.0004,0.0139,2335.2,-571.2
,0,0.0139,2335.2,-571.2
,0.0011,0.015,2520,-386.4
,-0.0003,0.0147,2469.6,-436.8
,-0.0003,0.0144,2419.2,-487.2
,-0.0003,0.0141,2368.8,-537.6
,-0.0003,0.0138,2318.4,-588
,0.0002,0.014,2352,-554.4
,0,0.014,2352,-554.4
,0,0.014,2352,-554.4
,0,0.014,2352,-554.4
,0.0002,0.0142,2385.6,-520.8
,0,0.0142,2385.6,-520.8
,-1E-04,0.0141,2368.8,-537.6
,0.0008,0.0149,2503.2,-403.2
,-0.0002,0.0147,2469.6,-436.8
,0.0002,0.0149,2503.2,-403.2
,0,0.0149,2503.2,-403.2
,-0.0003,0.0146,2452.8,-453.6
,0,0.0146,2452.8,-453.6
,0,0.0146,2452.8,-453.6
,-0.0003,0.0143,2402.4,-504
,-0.0003,0.014,2352,-554.4
,-0.0003,0.0137,2301.6,-604.8
,-0.0002,0.0135,2268,-638.4
,0.0005,0.014,2352,-554.4
,0,0.014,2352,-554.4
,0,0.014,2352,-554.4
,0.0005,0.0145,2436,-470.4
,-0.0002,0.0143,2402.4,-504
,-0.0001,0.0142,2385.6,-520.8
,0,0.0142,2385.6,-520.8
,-0.0003,0.0139,2335.2,-571.2
,-0.0003,0.0136,2284.8,-621.6
,-0.0003,0.0133,2234.4,-672
,-0.0003,0.013,2184,-722.4
,1E-04,0.0131,2200.8,-705.6
,0,0.0131,2200.8,-705.6
,-1E-04,0.013,2184,-722.4
,-0.0003,0.0127,2133.6,-772.8
,-0.0001,0.0126,2116.8,-789.6
,0,0.0126,2116.8,-789.6
,0.0004,0.013,2184,-722.4
,-0.0002,0.0128,2150.4,-756
,0.0003,0.0131,2200.8,-705.6
,0.0003,0.0134,2251.2,-655.2
,-0.0003,0.0131,2200.8,-705.6
,-0.0003,0.0128,2150.4,-756
,-1E-04,0.0127,2133.6,-772.8
,0,0.0127,2133.6,-772.8
,0,0.0127,2133.6,-772.8
,-0.0003,0.0124,2083.2,-823.2
,-0.0003,0.0121,2032.8,-873.6
,0,0.0121,2032.8,-873.6
,1E-04,0.0122,2049.6,-856.8
,-0.0003,0.0119,1999.2,-907.2
,-0.0003,0.0116,1948.8,-957.6
,0,0.0116,1948.8,-957.6
,0.0005,0.0121,2032.8,-873.6
,0.0005,0.0126,2116.8,-789.6
,0.0005,0.0131,2200.8,-705.6
,0.0014,0.0145,2436,-470.4
,0.0003,0.0148,2486.4,-420
,0,0.0148,2486.4,-420
,0.001,0.0158,2654.4,-252
,0.0004,0.0162,2721.6,-184.8
,0,0.0162,2721.6,-184.8
,-0.0003,0.0159,2671.2,-235.2
,0.0008,0.0167,2805.6,-100.8
,0.0007,0.0174,2923.2,0
,0,0.0174,2923.2,0
,-0.0003,0.0171,2872.8,-50.4
,-0.0001,0.017,2856,-67.2
,-0.0003,0.0167,2805.6,-117.6
,-0.0003,0.0164,2755.2,-168
,0,0.0164,2755.2,-168
,-0.0003,0.0161,2704.8,-218.4
,0,0.0161,2704.8,-218.4
,0,0.0161,2704.8,-218.4
,0.0001,0.0162,2721.6,-201.6
,-0.0003,0.0159,2671.2,-252
,0.0004,0.0163,2738.4,-184.8
,0.0012,0.0175,2940,0
,-0.0002,0.0173,2906.4,-33.6
,0,0.0173,2906.4,-33.6
,0,0.0173,2906.4,-33.6
,-0.0003,0.017,2856,-84
,0,0.017,2856,-84
,-0.0003,0.0167,2805.6,-134.4
,0.0003,0.017,2856,-84
,0,0.017,2856,-84
,0,0.017,2856,-84
,1E-04,0.0171,2872.8,-67.2
,1E-04,0.0172,2889.6,-50.4
,-0.0001,0.0171,2872.8,-67.2
,0,0.0171,2872.8,-67.2
,-0.0003,0.0168,2822.4,-117.6
,0,0.0168,2822.4,-117.6
,0,0.0168,2822.4,-117.6
,0.0002,0.017,2856,-84
,-0.0001,0.0169,2839.2,-100.8
,0,0.0169,2839.2,-100.8
,0.0008,0.0177,2973.6,0
,0.0006,0.0183,3074.4,0
,-0.0003,0.018,3024,-50.4
,0,0.018,3024,-50.4
,-0.0003,0.0177,2973.6,-100.8
,-0.0003,0.0174,2923.2,-151.2
,-0.0003,0.0171,2872.8,-201.6
,0.0013,0.0184,3091.2,0
,-0.0001,0.0183,3074.4,-16.8
,0,0.0183,3074.4,-16.8
,0,0.0183,3074.4,-16.8
,0,0.0183,3074.4,-16.8
,-0.0003,0.018,3024,-67.2
,0,0.018,3024,-67.2
,1E-04,0.0181,3040.8,-50.4
,-0.0003,0.0178,2990.4,-100.8
,0.0001,0.0179,3007.2,-84
,0.0001,0.018,3024,-67.2
,0,0.018,3024,-67.2
,0,0.018,3024,-67.2
,0.0002,0.0182,3057.6,-33.6
,0,0.0182,3057.6,-33.6
,-0.0003,0.0179,3007.2,-84
,0,0.0179,3007.2,-84
,0.0006,0.0185,3108,0
,0.0004,0.0189,3175.2,0
,-0.0001,0.0188,3158.4,-16.8
,0.0002,0.019,3192,0
,0.0004,0.0194,3259.2,0
,0.0005,0.0199,3343.2,0
,0,0.0199,3343.2,0
,0,0.0199,3343.2,0
,0.0005,0.0204,3427.2,0
,0,0.0204,3427.2,0
,-0.0002,0.0202,3393.6,-33.6
,0,0.0202,3393.6,-33.6
,0,0.0202,3393.6,-33.6
,0,0.0202,3393.6,-33.6
,-0.0003,0.0199,3343.2,-84
,-0.0003,0.0196,3292.8,-134.4
,0,0.0196,3292.8,-134.4
,0,0.0196,3292.8,-134.4
,0,0.0196,3292.8,-134.4
,0.0002,0.0198,3326.4,-100.8
,-0.0003,0.0195,3276,-151.2
,0.0004,0.0199,3343.2,-84
,-1E-04,0.0198,3326.4,-100.8
,0.0003,0.0201,3376.8,-50.4
,0.0002,0.0203,3410.4,-16.8
,0,0.0203,3410.4,-16.8
,1E-04,0.0204,3427.2,0
,-0.0003,0.0201,3376.8,-50.4
,0.0015,0.0216,3628.8,0
,0,0.0216,3628.8,0
,0.0002,0.0218,3662.4,0
,0,0.0218,3662.4,0
,-0.0003,0.0215,3612,-50.4
,0.0002,0.0217,3645.6,-16.8
,0.0009,0.0226,3796.8,0
,0,0.0226,3796.8,0
,0,0.0226,3796.8,0
,0.0003,0.0229,3847.2,0
,0.0003,0.0232,3897.6,0
,0,0.0232,3897.6,0
,0.0005,0.0237,3981.6,0
,-0.0003,0.0234,3931.2,-50.4
,-1E-04,0.0233,3914.4,-67.2
,-0.0003,0.023,3864,-117.6
,0,0.023,3864,-117.6
,-0.0003,0.0227,3813.6,-168
,0.0002,0.0229,3847.2,-134.4
,0.0004,0.0233,3914.4,-67.2
,1E-04,0.0234,3931.2,-50.4
,0,0.0234,3931.2,-50.4
,0,0.0234,3931.2,-50.4
,-0.0002,0.0232,3897.6,-84
,0,0.0232,3897.6,-84
,0.0001,0.0233,3914.4,-67.2
,0,0.0233,3914.4,-67.2
,0.0007,0.024,4032,0
,-0.0003,0.0237,3981.6,-50.4
,-1E-04,0.0236,3964.8,-67.2
,0.0008,0.0244,4099.2,0
,-0.0001,0.0243,4082.4,-16.8
,0.0002,0.0245,4116,0
,-0.0003,0.0242,4065.6,-50.4
,-0.0003,0.0239,4015.2,-100.8
,-0.0003,0.0236,3964.8,-151.2
,0.0002,0.0238,3998.4,-117.6
,0.0002,0.024,4032,-84
,0,0.024,4032,-84
,-1E-04,0.0239,4015.2,-100.8
,-0.0003,0.0236,3964.8,-151.2
,0.0005,0.0241,4048.8,-67.2
,0.0003,0.0244,4099.2,-16.8
,-0.0003,0.0241,4048.8,-67.2
,-0.0003,0.0238,3998.4,-117.6
,-0.0003,0.0235,3948,-168
,0.0002,0.0237,3981.6,-134.4
,0.0004,0.0241,4048.8,-67.2
,-0.0003,0.0238,3998.4,-117.6
,1E-04,0.0239,4015.2,-100.8
,0,0.0239,4015.2,-100.8
,0,0.0239,4015.2,-100.8
,-0.0002,0.0237,3981.6,-134.4
,0.0002,0.0239,4015.2,-100.8
,-0.0003,0.0236,3964.8,-151.2
,0.0004,0.024,4032,-84
,0,0.024,4032,-84
,0,0.024,4032,-84
,-0.0003,0.0237,3981.6,-134.4
,-0.0002,0.0235,3948,-168
,0.0006,0.0241,4048.8,-67.2
,-0.0003,0.0238,3998.4,-117.6
,0,0.0238,3998.4,-117.6
,0,0.0238,3998.4,-117.6
,-0.0002,0.0236,3964.8,-151.2
,0.0006,0.0242,4065.6,-50.4
,0.0015,0.0257,4317.6,0
,-0.0003,0.0254,4267.2,-50.4
,0.0002,0.0256,4300.8,-16.8
,0.0007,0.0263,4418.4,0
,0,0.0263,4418.4,0
,-0.0003,0.026,4368,-50.4
,0.0002,0.0262,4401.6,-16.8
,-1E-04,0.0261,4384.8,-33.6
,0.0006,0.0267,4485.6,0
,0.0003,0.027,4536,0
,0.0008,0.0278,4670.4,0
,0,0.0278,4670.4,0
,1E-04,0.0279,4687.2,0
,0,0.0279,4687.2,0
,0.0002,0.0281,4720.8,0
,-0.0003,0.0278,4670.4,-50.4
,0,0.0278,4670.4,-50.4
,-0.0003,0.0275,4620,-100.8
,0.0004,0.0279,4687.2,-33.6
,-0.0003,0.0276,4636.8,-84
,-0.0003,0.0273,4586.4,-134.4
,0,0.0273,4586.4,-134.4
,0,0.0273,4586.4,-134.4
,0,0.0273,4586.4,-134.4
,0,0.0273,4586.4,-134.4
,0.0005,0.0278,4670.4,-50.4
,-0.0003,0.0275,4620,-100.8
,-0.0003,0.0272,4569.6,-151.2
,0.0002,0.0274,4603.2,-117.6
,1E-04,0.0275,4620,-100.8
,0.0002,0.0277,4653.6,-67.2
,-0.0001,0.0276,4636.8,-84
,-0.0003,0.0273,4586.4,-134.4
,-0.0003,0.027,4536,-184.8
,0.0002,0.0272,4569.6,-151.2
,1E-04,0.0273,4586.4,-134.4
,1E-04,0.0274,4603.2,-117.6
,0,0.0274,4603.2,-117.6
,0,0.0274,4603.2,-117.6
,0,0.0274,4603.2,-117.6
,0.0009,0.0283,4754.4,0
,-0.0003,0.028,4704,-50.4
,-0.0002,0.0278,4670.4,-84
,0.0007,0.0285,4788,0
,-0.0003,0.0282,4737.6,-50.4
,0,0.0282,4737.6,-50.4
,0,0.0282,4737.6,-50.4
,-0.0003,0.0279,4687.2,-100.8
,-0.0003,0.0276,4636.8,-151.2
,0.0002,0.0278,4670.4,-117.6
,0,0.0278,4670.4,-117.6
,0.0004,0.0282,4737.6,-50.4
,-0.0003,0.0279,4687.2,-100.8
,-0.0003,0.0276,4636.8,-151.2
,-0.0001,0.0275,4620,-168
,0.0002,0.0277,4653.6,-134.4
,1E-04,0.0278,4670.4,-117.6
,0.0008,0.0286,4804.8,0
,0,0.0286,4804.8,0
,-0.0003,0.0283,4754.4,-50.4
,-0.0003,0.028,4704,-100.8
,0.0004,0.0284,4771.2,-33.6
,0,0.0284,4771.2,-33.6
,0.0002,0.0286,4804.8,0
,0,0.0286,4804.8,0
,0.0001,0.0287,4821.6,0
,0,0.0287,4821.6,0
,0.0008,0.0295,4956,0
,0.0004,0.0299,5023.2,0
,-0.0003,0.0296,4972.8,-50.4
,0.0003,0.0299,5023.2,-9.09495E-13
,0.0001,0.03,5040,0
,-0.0001,0.0299,5023.2,-16.8
,-0.0003,0.0296,4972.8,-67.2
,0.0004,0.03,5040,-9.09495E-13
,0.0005,0.0305,5124,0
,-0.0003,0.0302,5073.6,-50.4
,0.0001,0.0303,5090.4,-33.6
,-0.0003,0.03,5040,-84
,0.0004,0.0304,5107.2,-16.8
,-0.0003,0.0301,5056.8,-67.2
,-0.0002,0.0299,5023.2,-100.8
,0,0.0299,5023.2,-100.8
,0,0.0299,5023.2,-100.8
,0.0006,0.0305,5124,0
,0,0.0305,5124,0
,0.0003,0.0308,5174.4,0
,-0.0003,0.0305,5124,-50.4
,-0.0003,0.0302,5073.6,-100.8
,0.0007,0.0309,5191.2,0
,-1E-04,0.0308,5174.4,-16.8
,-0.0003,0.0305,5124,-67.2
,-0.0003,0.0302,5073.6,-117.6
,0,0.0302,5073.6,-117.6
,0,0.0302,5073.6,-117.6
,0,0.0302,5073.6,-117.6
,0.0002,0.0304,5107.2,-84
,0.0007,0.0311,5224.8,0
,0.0001,0.0312,5241.6,0
,-0.0003,0.0309,5191.2,-50.4
,0.0002,0.0311,5224.8,-16.8
,0.0005,0.0316,5308.8,0
,0.0005,0.0321,5392.8,0
,0.0001,0.0322,5409.6,0
,-0.0001,0.0321,5392.8,-16.8
,0,0.0321,5392.8,-16.8
,-1E-04,0.032,5376,-33.6
,0.0002,0.0322,5409.6,0
,0,0.0322,5409.6,0
,-0.0003,0.0319,5359.2,-50.4
,0.0001,0.032,5376,-33.6
,0.0003,0.0323,5426.4,0
,0,0.0323,5426.4,0
,-0.0003,0.032,5376,-50.4
,0.0004,0.0324,5443.2,0
,-0.0003,0.0321,5392.8,-50.4
,-0.0003,0.0318,5342.4,-100.8
,0,0.0318,5342.4,-100.8
,0,0.0318,5342.4,-100.8
,0.0003,0.0321,5392.8,-50.4
,-0.0002,0.0319,5359.2,-84
,0.0001,0.032,5376,-67.2
,-0.0001,0.0319,5359.2,-84
,0,0.0319,5359.2,-84
,0.0007,0.0326,5476.8,0
,0,0.0326,5476.8,0
,0,0.0326,5476.8,0
,0.0002,0.0328,5510.4,0
,0.0002,0.033,5544,0
,0,0.033,5544,0
,-0.0003,0.0327,5493.6,-50.4
,0,0.0327,5493.6,-50.4
,0,0.0327,5493.6,-50.4
,-0.0003,0.0324,5443.2,-100.8
,0,0.0324,5443.2,-100.8
,0,0.0324,5443.2,-100.8
,0.0001,0.0325,5460,-84
,0.0007,0.0332,5577.6,0
,-0.0003,0.0329,5527.2,-50.4
,0.0009,0.0338,5678.4,0
,-0.0003,0.0335,5628,-50.4
,0,0.0335,5628,-50.4
,-0.0003,0.0332,5577.6,-100.8
,0.0002,0.0334,5611.2,-67.2
,0,0.0334,5611.2,-67.2
,0,0.0334,5611.2,-67.2
,-0.0003,0.0331,5560.8,-117.6
,0,0.0331,5560.8,-117.6
,0.0015,0.0346,5812.8,0
,-0.0003,0.0343,5762.4,-50.4
,-0.0003,0.034,5712,-100.8
,-0.0003,0.0337,5661.6,-151.2
,-0.0003,0.0334,5611.2,-201.6
,0.0001,0.0335,5628,-184.8
,0,0.0335,5628,-184.8
,-1E-04,0.0334,5611.2,-201.6
,-1E-04,0.0333,5594.4,-218.4
,-0.0003,0.033,5544,-268.8
,-0.0003,0.0327,5493.6,-319.2
,0,0.0327,5493.6,-319.2
,-1E-04,0.0326,5476.8,-336
,0,0.0326,5476.8,-336
,0.0005,0.0331,5560.8,-252
,-0.0003,0.0328,5510.4,-302.4
,0.0006,0.0334,5611.2,-201.6
,-0.0003,0.0331,5560.8,-252
,0.0005,0.0336,5644.8,-168
,1E-04,0.0337,5661.6,-151.2
,-0.0003,0.0334,5611.2,-201.6
,-0.0003,0.0331,5560.8,-252
,0,0.0331,5560.8,-252
,0,0.0331,5560.8,-252
,-0.0003,0.0328,5510.4,-302.4
,0,0.0328,5510.4,-302.4
,-0.0003,0.0325,5460,-352.8
,0,0.0325,5460,-352.8
,-0.0003,0.0322,5409.6,-403.2
,-0.0003,0.0319,5359.2,-453.6
,1E-04,0.032,5376,-436.8
,0.0012,0.0332,5577.6,-235.2
,0,0.0332,5577.6,-235.2
,1E-04,0.0333,5594.4,-218.4
,0.0002,0.0335,5628,-184.8
,-0.0003,0.0332,5577.6,-235.2
,1E-04,0.0333,5594.4,-218.4
,0.0002,0.0335,5628,-184.8
,0.0002,0.0337,5661.6,-151.2
,0,0.0337,5661.6,-151.2
,0,0.0337,5661.6,-151.2
,0.0009,0.0346,5812.8,-4.54747E-12
,-0.0003,0.0343,5762.4,-50.4
,-0.0003,0.034,5712,-100.8
,0,0.034,5712,-100.8
,-0.0003,0.0337,5661.6,-151.2
,-0.0003,0.0334,5611.2,-201.6
,-0.0003,0.0331,5560.8,-252
,-0.0003,0.0328,5510.4,-302.4
,-0.0003,0.0325,5460,-352.8
,-0.0003,0.0322,5409.6,-403.2
,0.0002,0.0324,5443.2,-369.6
,-1E-04,0.0323,5426.4,-386.4
,-1E-04,0.0322,5409.6,-403.2
,-0.0003,0.0319,5359.2,-453.6
,-0.0003,0.0316,5308.8,-504
,0.0004,0.032,5376,-436.8
,0,0.032,5376,-436.8
,0.0006,0.0326,5476.8,-336
,0.0002,0.0328,5510.4,-302.4
,0.0002,0.033,5544,-268.8
,0,0.033,5544,-268.8
,0.0012,0.0342,5745.6,-67.2
,-0.0003,0.0339,5695.2,-117.6
,0,0.0339,5695.2,-117.6
,0.0003,0.0342,5745.6,-67.2
,0.0003,0.0345,5796,-16.8
,0,0.0345,5796,-16.8
,-0.0003,0.0342,5745.6,-67.2
,0.0004,0.0346,5812.8,-9.09495E-12
,-0.0003,0.0343,5762.4,-50.4
,0,0.0343,5762.4,-50.4
,0,0.0343,5762.4,-50.4
,-1E-04,0.0342,5745.6,-67.2
,-0.0003,0.0339,5695.2,-117.6
,1E-04,0.034,5712,-100.8
,0,0.034,5712,-100.8
,0.0007,0.0347,5829.6,0
,-0.0003,0.0344,5779.2,-50.4
,0,0.0344,5779.2,-50.4
,0,0.0344,5779.2,-50.4
,-0.0003,0.0341,5728.8,-100.8
,-1E-04,0.034,5712,-117.6
,0,0.034,5712,-117.6
,-0.0003,0.0337,5661.6,-168
,0.0007,0.0344,5779.2,-50.4
,0.0002,0.0346,5812.8,-16.8
,-0.0003,0.0343,5762.4,-67.2
,0.0001,0.0344,5779.2,-50.4
,-0.0003,0.0341,5728.8,-100.8
,-0.0003,0.0338,5678.4,-151.2
,-0.0003,0.0335,5628,-201.6
,-0.0003,0.0332,5577.6,-252
,0.0002,0.0334,5611.2,-218.4
,0,0.0334,5611.2,-218.4
,0,0.0334,5611.2,-218.4
,-0.0003,0.0331,5560.8,-268.8
,0,0.0331,5560.8,-268.8
,-1E-04,0.033,5544,-285.6
,0,0.033,5544,-285.6
,-0.0003,0.0327,5493.6,-336
,-0.0001,0.0326,5476.8,-352.8
,0.0004,0.033,5544,-285.6
,0.0007,0.0337,5661.6,-168
,0,0.0337,5661.6,-168
,0.0005,0.0342,5745.6,-84
,-0.0003,0.0339,5695.2,-134.4
,-0.0002,0.0337,5661.6,-168
,0,0.0337,5661.6,-168
,0.0002,0.0339,5695.2,-134.4
,-0.0003,0.0336,5644.8,-184.8
,0,0.0336,5644.8,-184.8
,-0.0001,0.0335,5628,-201.6
,-0.0003,0.0332,5577.6,-252
,-0.0003,0.0329,5527.2,-302.4
,0,0.0329,5527.2,-302.4
,-0.0003,0.0326,5476.8,-352.8
,-0.0003,0.0323,5426.4,-403.2
,0,0.0323,5426.4,-403.2
,0,0.0323,5426.4,-403.2
,-0.0001,0.0322,5409.6,-420
,-0.0003,0.0319,5359.2,-470.4
,0.0004,0.0323,5426.4,-403.2
,0.0004,0.0327,5493.6,-336
,0.0004,0.0331,5560.8,-268.8
,-0.0003,0.0328,5510.4,-319.2
,0,0.0328,5510.4,-319.2
,0.0004,0.0332,5577.6,-252
,0.0004,0.0336,5644.8,-184.8
,0.0012,0.0348,5846.4,0
,-0.0001,0.0347,5829.6,-16.8
,0,0.0347,5829.6,-16.8
,0,0.0347,5829.6,-16.8
,0,0.0347,5829.6,-16.8
,0.0009,0.0356,5980.8,0
,0,0.0356,5980.8,0
,0.0002,0.0358,6014.4,0
,1E-04,0.0359,6031.2,0
,0,0.0359,6031.2,0
,1E-04,0.036,6048,0
,1E-04,0.0361,6064.8,0
,0.0002,0.0363,6098.4,0
,0,0.0363,6098.4,0
,-1E-04,0.0362,6081.6,-16.8
,0.001,0.0372,6249.6,0
,1E-04,0.0373,6266.4,0
,-0.0001,0.0372,6249.6,-16.8
,1E-04,0.0373,6266.4,-1.81899E-12
,-0.0003,0.037,6216,-50.4
,-0.0003,0.0367,6165.6,-100.8
,-0.0003,0.0364,6115.2,-151.2
,-1E-04,0.0363,6098.4,-168
,0.0003,0.0366,6148.8,-117.6
,-0.0003,0.0363,6098.4,-168
,-0.0003,0.036,6048,-218.4
,0,0.036,6048,-218.4
,0,0.036,6048,-218.4
,0,0.036,6048,-218.4
,0,0.036,6048,-218.4
,0.0002,0.0362,6081.6,-184.8
,-0.0003,0.0359,6031.2,-235.2
,-0.0003,0.0356,5980.8,-285.6
,-0.0001,0.0355,5964,-302.4
,0.0003,0.0358,6014.4,-252
,0.0002,0.036,6048,-218.4
,0,0.036,6048,-218.4
,0,0.036,6048,-218.4
,0.0006,0.0366,6148.8,-117.6
,0.0002,0.0368,6182.4,-84
,0.0003,0.0371,6232.8,-33.6
,0,0.0371,6232.8,-33.6
,-0.0002,0.0369,6199.2,-67.2
,0.0009,0.0378,6350.4,0
,-0.0003,0.0375,6300,-50.4
,0.0001,0.0376,6316.8,-33.6
,-0.0003,0.0373,6266.4,-84
,0,0.0373,6266.4,-84
,0,0.0373,6266.4,-84
,0.0001,0.0374,6283.2,-67.2
,0.0006,0.038,6384,0
,-0.0002,0.0378,6350.4,-33.6
,0.0002,0.038,6384,0
,-0.0003,0.0377,6333.6,-50.4
,-0.0003,0.0374,6283.2,-100.8
,0.0002,0.0376,6316.8,-67.2
,0.0001,0.0377,6333.6,-50.4
,0.0002,0.0379,6367.2,-16.8
,-0.0003,0.0376,6316.8,-67.2
,0.0003,0.0379,6367.2,-16.8
,-0.0003,0.0376,6316.8,-67.2
,-0.0003,0.0373,6266.4,-117.6
,0.0002,0.0375,6300,-84
,0.0009,0.0384,6451.2,0
,0.0006,0.039,6552,0
,-1E-04,0.0389,6535.2,-16.8
,0.0002,0.0391,6568.8,0
,0.0002,0.0393,6602.4,0
,0.0001,0.0394,6619.2,0
,0.0013,0.0407,6837.6,0
,0.0005,0.0412,6921.6,0
,0,0.0412,6921.6,0
,-0.0003,0.0409,6871.2,-50.4
,-0.0003,0.0406,6820.8,-100.8
,0,0.0406,6820.8,-100.8
,0,0.0406,6820.8,-100.8
,1E-04,0.0407,6837.6,-84
,-0.0003,0.0404,6787.2,-134.4
,-0.0001,0.0403,6770.4,-151.2
,-0.0003,0.04,6720,-201.6
,1E-04,0.0401,6736.8,-184.8
,0.0008,0.0409,6871.2,-50.4
,-0.0003,0.0406,6820.8,-100.8
,1E-04,0.0407,6837.6,-84
,1E-04,0.0408,6854.4,-67.2
,-0.0003,0.0405,6804,-117.6
,0.0004,0.0409,6871.2,-50.4
,-0.0003,0.0406,6820.8,-100.8
,0.0008,0.0414,6955.2,0
,0,0.0414,6955.2,0
,0,0.0414,6955.2,0
,0.0001,0.0415,6972,0
,0,0.0415,6972,0
,0.0009,0.0424,7123.2,0
,-0.0001,0.0423,7106.4,-16.8
,0.0013,0.0436,7324.8,0
,0.0002,0.0438,7358.4,0
,0,0.0438,7358.4,0
,-0.0003,0.0435,7308,-50.4
,0,0.0435,7308,-50.4
,0.0003,0.0438,7358.4,0
,-0.0003,0.0435,7308,-50.4
,0.0004,0.0439,7375.2,0
,-0.0003,0.0436,7324.8,-50.4
,-0.0003,0.0433,7274.4,-100.8
,-1E-04,0.0432,7257.6,-117.6
,0.0005,0.0437,7341.6,-33.6
,-0.0003,0.0434,7291.2,-84
,-0.0003,0.0431,7240.8,-134.4
,0.0004,0.0435,7308,-67.2
,-0.0003,0.0432,7257.6,-117.6
,1E-04,0.0433,7274.4,-100.8
,0,0.0433,7274.4,-100.8
,-0.0003,0.043,7224,-151.2
,0.0008,0.0438,7358.4,-16.8
,0.0002,0.044,7392,0
,0.0005,0.0445,7476,0
,0.0005,0.045,7560,0
,-0.0003,0.0447,7509.6,-50.4
,-1E-04,0.0446,7492.8,-67.2
,-0.0003,0.0443,7442.4,-117.6
,0,0.0443,7442.4,-117.6
,-0.0003,0.044,7392,-168
,-0.0003,0.0437,7341.6,-218.4
,0,0.0437,7341.6,-218.4
,0.0006,0.0443,7442.4,-117.6
,-0.0003,0.044,7392,-168
,1E-04,0.0441,7408.8,-151.2
,0.001,0.0451,7576.8,0
,0,0.0451,7576.8,0
,-0.0003,0.0448,7526.4,-50.4
,0.0003,0.0451,7576.8,-9.09495E-13
,0,0.0451,7576.8,-9.09495E-13
,0.0007,0.0458,7694.4,0
,0.0001,0.0459,7711.2,0
,0,0.0459,7711.2,0
,-0.0003,0.0456,7660.8,-50.4
,0.0004,0.046,7728,0
,-0.0003,0.0457,7677.6,-50.4
,0.0006,0.0463,7778.4,0
,-0.0003,0.046,7728,-50.4
,-0.0003,0.0457,7677.6,-100.8
,0,0.0457,7677.6,-100.8
,-0.0002,0.0455,7644,-134.4
,0,0.0455,7644,-134.4
,0,0.0455,7644,-134.4
,0,0.0455,7644,-134.4
,-0.0003,0.0452,7593.6,-184.8
,0.0001,0.0453,7610.4,-168
,0.0001,0.0454,7627.2,-151.2
,-0.0003,0.0451,7576.8,-201.6
,0,0.0451,7576.8,-201.6
,-0.0002,0.0449,7543.2,-235.2
,0.0007,0.0456,7660.8,-117.6
,0.0012,0.0468,7862.4,0
,0.0009,0.0477,8013.6,0
,0,0.0477,8013.6,0
,-0.0003,0.0474,7963.2,-50.4
,1E-04,0.0475,7980,-33.6
,1E-04,0.0476,7996.8,-16.8
,-0.0003,0.0473,7946.4,-67.2
,0.0008,0.0481,8080.8,0
,-0.0003,0.0478,8030.4,-50.4
,1E-04,0.0479,8047.2,-33.6
,-0.0003,0.0476,7996.8,-84
,0.0001,0.0477,8013.6,-67.2
,0.0001,0.0478,8030.4,-50.4
,0,0.0478,8030.4,-50.4
,-0.0003,0.0475,7980,-100.8
,-0.0002,0.0473,7946.4,-134.4
,0,0.0473,7946.4,-134.4
,0,0.0473,7946.4,-134.4
,0,0.0473,7946.4,-134.4
,0.0002,0.0475,7980,-100.8
,0.0002,0.0477,8013.6,-67.2
,-0.0002,0.0475,7980,-100.8
,0.0002,0.0477,8013.6,-67.2
,0.0007,0.0484,8131.2,0
,-0.0002,0.0482,8097.6,-33.6
,0.0005,0.0487,8181.6,0
,-0.0003,0.0484,8131.2,-50.4
,0.0002,0.0486,8164.8,-16.8
,-0.0002,0.0484,8131.2,-50.4
,0.0002,0.0486,8164.8,-16.8
,-0.0003,0.0483,8114.4,-67.2
,0.0005,0.0488,8198.4,0
,0.0005,0.0493,8282.4,0
,0.0001,0.0494,8299.2,0
,0,0.0494,8299.2,0
,0.0004,0.0498,8366.4,0
,0.0008,0.0506,8500.8,0
,-0.0003,0.0503,8450.4,-50.4
,0.0004,0.0507,8517.6,0
,-0.0003,0.0504,8467.2,-50.4
,-0.0003,0.0501,8416.8,-100.8
,1E-04,0.0502,8433.6,-84
,-0.0003,0.0499,8383.2,-134.4
,-0.0002,0.0497,8349.6,-168
,-0.0003,0.0494,8299.2,-218.4
,-0.0003,0.0491,8248.8,-268.8
,-0.0003,0.0488,8198.4,-319.2
,-0.0003,0.0485,8148,-369.6
,-0.0003,0.0482,8097.6,-420
,0.0001,0.0483,8114.4,-403.2
,0.001,0.0493,8282.4,-235.2
,0.0002,0.0495,8316,-201.6
,0.0003,0.0498,8366.4,-151.2
,-0.0003,0.0495,8316,-201.6
,-0.0003,0.0492,8265.6,-252
,0,0.0492,8265.6,-252
,0,0.0492,8265.6,-252
,0,0.0492,8265.6,-252
,-0.0003,0.0489,8215.2,-302.4
,0.0001,0.049,8232,-285.6
,-0.0001,0.0489,8215.2,-302.4
,0.0006,0.0495,8316,-201.6
,-0.0002,0.0493,8282.4,-235.2
,-0.0003,0.049,8232,-285.6
,-0.0003,0.0487,8181.6,-336
,0.0004,0.0491,8248.8,-268.8
,0,0.0491,8248.8,-268.8
,1E-04,0.0492,8265.6,-252
,1E-04,0.0493,8282.4,-235.2
,-0.0003,0.049,8232,-285.6
,0.0001,0.0491,8248.8,-268.8
,0,0.0491,8248.8,-268.8
,-0.0003,0.0488,8198.4,-319.2
,-0.0003,0.0485,8148,-369.6
,0.0009,0.0494,8299.2,-218.4
,0.0008,0.0502,8433.6,-84
,0.0005,0.0507,8517.6,-3.63798E-12
,-0.0003,0.0504,8467.2,-50.4
,-0.0003,0.0501,8416.8,-100.8
,-1E-04,0.05,8400,-117.6
,0,0.05,8400,-117.6
,-0.0003,0.0497,8349.6,-168
,0.0008,0.0505,8484,-33.6
,0.0002,0.0507,8517.6,-3.63798E-12
,-0.0003,0.0504,8467.2,-50.4
,0.0005,0.0509,8551.2,0
,-0.0003,0.0506,8500.8,-50.4
,-0.0003,0.0503,8450.4,-100.8
,-0.0003,0.05,8400,-151.2
,-0.0003,0.0497,8349.6,-201.6
,-0.0003,0.0494,8299.2,-252
,0,0.0494,8299.2,-252
,-0.0003,0.0491,8248.8,-302.4
,0.0001,0.0492,8265.6,-285.6
,-0.0003,0.0489,8215.2,-336
,-0.0003,0.0486,8164.8,-386.4
,0.0008,0.0494,8299.2,-252
,0.0004,0.0498,8366.4,-184.8
,-0.0003,0.0495,8316,-235.2
,0.0002,0.0497,8349.6,-201.6
,-0.0003,0.0494,8299.2,-252
,0,0.0494,8299.2,-252
,-0.0003,0.0491,8248.8,-302.4
,0,0.0491,8248.8,-302.4
,-0.0003,0.0488,8198.4,-352.8
,-0.0003,0.0485,8148,-403.2
,-0.0003,0.0482,8097.6,-453.6
,0.0002,0.0484,8131.2,-420
,0.0002,0.0486,8164.8,-386.4
,0,0.0486,8164.8,-386.4
,-0.0003,0.0483,8114.4,-436.8
,0.0006,0.0489,8215.2,-336
,0,0.0489,8215.2,-336
,0,0.0489,8215.2,-336
,0.0014,0.0503,8450.4,-100.8
,-0.0003,0.05,8400,-151.2
,-0.0003,0.0497,8349.6,-201.6
,-0.0002,0.0495,8316,-235.2
,-0.0003,0.0492,8265.6,-285.6
,-0.0001,0.0491,8248.8,-302.4
,-0.0003,0.0488,8198.4,-352.8
,-0.0003,0.0485,8148,-403.2
,-0.0003,0.0482,8097.6,-453.6
,0.0006,0.0488,8198.4,-352.8
,-0.0003,0.0485,8148,-403.2
,-0.0003,0.0482,8097.6,-453.6
,0,0.0482,8097.6,-453.6
,-0.0003,0.0479,8047.2,-504
,-0.0003,0.0476,7996.8,-554.4
,0.0002,0.0478,8030.4,-520.8
,0.0001,0.0479,8047.2,-504
,-0.0003,0.0476,7996.8,-554.4
,0.0003,0.0479,8047.2,-504
,0.0002,0.0481,8080.8,-470.4
,-0.0001,0.048,8064,-487.2
,0,0.048,8064,-487.2
,0,0.048,8064,-487.2
,0.0004,0.0484,8131.2,-420
,-0.0003,0.0481,8080.8,-470.4
,0.0011,0.0492,8265.6,-285.6
,0,0.0492,8265.6,-285.6
,-0.0003,0.0489,8215.2,-336
,0.0003,0.0492,8265.6,-285.6
,0.0003,0.0495,8316,-235.2
,0,0.0495,8316,-235.2
,-0.0003,0.0492,8265.6,-285.6
,0,0.0492,8265.6,-285.6
,0,0.0492,8265.6,-285.6
,-0.0003,0.0489,8215.2,-336
,0.0012,0.0501,8416.8,-134.4
,-0.0003,0.0498,8366.4,-184.8
,0.0002,0.05,8400,-151.2
,0,0.05,8400,-151.2
,0.0001,0.0501,8416.8,-134.4
,0.0008,0.0509,8551.2,-1.27329E-11
,0.0003,0.0512,8601.6,0
,0.0003,0.0515,8652,0
,-0.0001,0.0514,8635.2,-16.8
,-0.0003,0.0511,8584.8,-67.2
,0.0007,0.0518,8702.4,0
,0.0005,0.0523,8786.4,0
,-0.0003,0.052,8736,-50.4
,-0.0003,0.0517,8685.6,-100.8
,0.0002,0.0519,8719.2,-67.2
,0.0001,0.052,8736,-50.4
,0.0003,0.0523,8786.4,0
,-0.0001,0.0522,8769.6,-16.8
,0,0.0522,8769.6,-16.8
,0,0.0522,8769.6,-16.8
,0,0.0522,8769.6,-16.8
,-0.0002,0.052,8736,-50.4
,-0.0003,0.0517,8685.6,-100.8
,-0.0003,0.0514,8635.2,-151.2
,0.0002,0.0516,8668.8,-117.6
,-0.0001,0.0515,8652,-134.4
,0.0001,0.0516,8668.8,-117.6
,0.0001,0.0517,8685.6,-100.8
,-0.0003,0.0514,8635.2,-151.2
,0.0001,0.0515,8652,-134.4
,-0.0003,0.0512,8601.6,-184.8
,-0.0003,0.0509,8551.2,-235.2
,-0.0001,0.0508,8534.4,-252
,0,0.0508,8534.4,-252
,-0.0001,0.0507,8517.6,-268.8
,0.0003,0.051,8568,-218.4
,0.0001,0.0511,8584.8,-201.6
,0.0005,0.0516,8668.8,-117.6
,-0.0003,0.0513,8618.4,-168
,0.0002,0.0515,8652,-134.4
,-0.0003,0.0512,8601.6,-184.8
,-0.0003,0.0509,8551.2,-235.2
,-0.0003,0.0506,8500.8,-285.6
,0,0.0506,8500.8,-285.6
,-0.0003,0.0503,8450.4,-336
,-1E-04,0.0502,8433.6,-352.8
,0.0004,0.0506,8500.8,-285.6
,-0.0003,0.0503,8450.4,-336
,-0.0003,0.05,8400,-386.4
,0,0.05,8400,-386.4
,0.001,0.051,8568,-218.4
,0,0.051,8568,-218.4
,0.0005,0.0515,8652,-134.4
,0.0009,0.0524,8803.2,0
,-0.0003,0.0521,8752.8,-50.4
,0,0.0521,8752.8,-50.4
,0.0002,0.0523,8786.4,-16.8
,0.0002,0.0525,8820,0
,0.0001,0.0526,8836.8,0
,-0.0003,0.0523,8786.4,-50.4
,-0.0003,0.052,8736,-100.8
,0.0001,0.0521,8752.8,-84
,-0.0003,0.0518,8702.4,-134.4
,-0.0003,0.0515,8652,-184.8
,-0.0003,0.0512,8601.6,-235.2
,-0.0001,0.0511,8584.8,-252
,-0.0003,0.0508,8534.4,-302.4
,-0.0003,0.0505,8484,-352.8
,-0.0001,0.0504,8467.2,-369.6
,0.0005,0.0509,8551.2,-285.6
,0.0004,0.0513,8618.4,-218.4
,-0.0003,0.051,8568,-268.8
,-0.0003,0.0507,8517.6,-319.2
,-0.0003,0.0504,8467.2,-369.6
,-0.0003,0.0501,8416.8,-420
,0.0002,0.0503,8450.4,-386.4
,0.0003,0.0506,8500.8,-336
,-0.0002,0.0504,8467.2,-369.6
,0.0006,0.051,8568,-268.8
,0.0003,0.0513,8618.4,-218.4
,0.0004,0.0517,8685.6,-151.2
,-0.0003,0.0514,8635.2,-201.6
,0.0002,0.0516,8668.8,-168
,-0.0003,0.0513,8618.4,-218.4
,-0.0003,0.051,8568,-268.8
,0.0008,0.0518,8702.4,-134.4
,0.0003,0.0521,8752.8,-84
,-0.0003,0.0518,8702.4,-134.4
,-0.0003,0.0515,8652,-184.8
,0,0.0515,8652,-184.8
,-0.0001,0.0514,8635.2,-201.6
,-0.0003,0.0511,8584.8,-252
,-0.0001,0.051,8568,-268.8
,0.0002,0.0512,8601.6,-235.2
,0.0002,0.0514,8635.2,-201.6
,0.0001,0.0515,8652,-184.8
,0.0003,0.0518,8702.4,-134.4
,-0.0003,0.0515,8652,-184.8
,0.0012,0.0527,8853.6,0
,0.0005,0.0532,8937.6,0
,1E-04,0.0533,8954.4,0
,0.0005,0.0538,9038.4,0
,0.0002,0.054,9072,0
,0.0007,0.0547,9189.6,0
,0.0001,0.0548,9206.4,0
,-0.0003,0.0545,9156,-50.4
,-0.0003,0.0542,9105.6,-100.8
,-0.0003,0.0539,9055.2,-151.2
,0.0006,0.0545,9156,-50.4
,-0.0003,0.0542,9105.6,-100.8
,0,0.0542,9105.6,-100.8
,0.0004,0.0546,9172.8,-33.6
,-0.0003,0.0543,9122.4,-84
,-0.0003,0.054,9072,-134.4
,-0.0003,0.0537,9021.6,-184.8
,-0.0003,0.0534,8971.2,-235.2
,-0.0003,0.0531,8920.8,-285.6
,-0.0003,0.0528,8870.4,-336
,0.0005,0.0533,8954.4,-252
,-0.0003,0.053,8904,-302.4
,-0.0003,0.0527,8853.6,-352.8
,0.0003,0.053,8904,-302.4
,0,0.053,8904,-302.4
,-0.0003,0.0527,8853.6,-352.8
,-1E-04,0.0526,8836.8,-369.6
,-1E-04,0.0525,8820,-386.4
,0.0001,0.0526,8836.8,-369.6
,0.0007,0.0533,8954.4,-252
,0.0002,0.0535,8988,-218.4
,0.0003,0.0538,9038.4,-168
,0,0.0538,9038.4,-168
,-0.0003,0.0535,8988,-218.4
,0,0.0535,8988,-218.4
,0,0.0535,8988,-218.4
,-0.0001,0.0534,8971.2,-235.2
,-0.0003,0.0531,8920.8,-285.6
,-0.0003,0.0528,8870.4,-336
,-0.0003,0.0525,8820,-386.4
,-0.0002,0.0523,8786.4,-420
,0.0003,0.0526,8836.8,-369.6
,0.001,0.0536,9004.8,-201.6
,-0.0002,0.0534,8971.2,-235.2
,-0.0003,0.0531,8920.8,-285.6
,0.0006,0.0537,9021.6,-184.8
,-0.0002,0.0535,8988,-218.4
,0.0012,0.0547,9189.6,-16.8
,0,0.0547,9189.6,-16.8
,0,0.0547,9189.6,-16.8
,-0.0003,0.0544,9139.2,-67.2
,0.0003,0.0547,9189.6,-16.8
,0.0009,0.0556,9340.8,0
,0.0005,0.0561,9424.8,0
,-0.0003,0.0558,9374.4,-50.4
,-0.0003,0.0555,9324,-100.8
,0,0.0555,9324,-100.8
,0,0.0555,9324,-100.8
,-0.0002,0.0553,9290.4,-134.4
,-0.0003,0.055,9240,-184.8
,-0.0003,0.0547,9189.6,-235.2
,-0.0003,0.0544,9139.2,-285.6
,0,0.0544,9139.2,-285.6
,0.0004,0.0548,9206.4,-218.4
,0.0001,0.0549,9223.2,-201.6
,-0.0003,0.0546,9172.8,-252
,-0.0003,0.0543,9122.4,-302.4
,0,0.0543,9122.4,-302.4
,-0.0003,0.054,9072,-352.8
,-1E-04,0.0539,9055.2,-369.6
,-0.0003,0.0536,9004.8,-420
,-0.0003,0.0533,8954.4,-470.4
,0.0002,0.0535,8988,-436.8
,-0.0003,0.0532,8937.6,-487.2
,0.0001,0.0533,8954.4,-470.4
,0.0001,0.0534,8971.2,-453.6
,0,0.0534,8971.2,-453.6
,-1E-04,0.0533,8954.4,-470.4
,0,0.0533,8954.4,-470.4
,-0.0003,0.053,8904,-520.8
,-0.0003,0.0527,8853.6,-571.2
,-0.0003,0.0524,8803.2,-621.6
,-0.0003,0.0521,8752.8,-672
,0.001,0.0531,8920.8,-504
,0.0004,0.0535,8988,-436.8
,-0.0003,0.0532,8937.6,-487.2
,-1E-04,0.0531,8920.8,-504
,-0.0003,0.0528,8870.4,-554.4
,-0.0003,0.0525,8820,-604.8
,-0.0003,0.0522,8769.6,-655.2
,0.0004,0.0526,8836.8,-588
,-0.0003,0.0523,8786.4,-638.4
,-0.0001,0.0522,8769.6,-655.2
,-0.0003,0.0519,8719.2,-705.6
,-0.0003,0.0516,8668.8,-756
,-0.0002,0.0514,8635.2,-789.6
,-0.0003,0.0511,8584.8,-840
,0,0.0511,8584.8,-840
,0.0002,0.0513,8618.4,-806.4
,0,0.0513,8618.4,-806.4
,0,0.0513,8618.4,-806.4
,0,0.0513,8618.4,-806.4
,0.0001,0.0514,8635.2,-789.6
,0.0002,0.0516,8668.8,-756
,0,0.0516,8668.8,-756
,0.0001,0.0517,8685.6,-739.2
,-0.0003,0.0514,8635.2,-789.6
,-0.0003,0.0511,8584.8,-840
,-0.0003,0.0508,8534.4,-890.4
,-0.0003,0.0505,8484,-940.8
,-0.0003,0.0502,8433.6,-991.2
,0.0003,0.0505,8484,-940.8
,0.0014,0.0519,8719.2,-705.6
,1E-04,0.052,8736,-688.8
,0.0003,0.0523,8786.4,-638.4
,0.0004,0.0527,8853.6,-571.2
,0,0.0527,8853.6,-571.2
,-0.0001,0.0526,8836.8,-588
,-0.0003,0.0523,8786.4,-638.4
,0,0.0523,8786.4,-638.4
,0.0002,0.0525,8820,-604.8
,0.0001,0.0526,8836.8,-588
,-0.0003,0.0523,8786.4,-638.4
,0.0003,0.0526,8836.8,-588
,0,0.0526,8836.8,-588
,0,0.0526,8836.8,-588
,0,0.0526,8836.8,-588
,0.0019,0.0545,9156,-268.8
,-0.0002,0.0543,9122.4,-302.4
,0.0001,0.0544,9139.2,-285.6
,-0.0001,0.0543,9122.4,-302.4
,0.0002,0.0545,9156,-268.8
,0,0.0545,9156,-268.8
,0.0006,0.0551,9256.8,-168
,0.0008,0.0559,9391.2,-33.6
,0.0005,0.0564,9475.2,0
,0.0008,0.0572,9609.6,0
,0.0002,0.0574,9643.2,0
,0.0002,0.0576,9676.8,0
,0,0.0576,9676.8,0
,-0.0003,0.0573,9626.4,-50.4
,0.0005,0.0578,9710.4,0
,-0.0003,0.0575,9660,-50.4
,1E-04,0.0576,9676.8,-33.6
,-0.0003,0.0573,9626.4,-84
,0.0002,0.0575,9660,-50.4
,-1E-04,0.0574,9643.2,-67.2
,-0.0003,0.0571,9592.8,-117.6
,0,0.0571,9592.8,-117.6
,1E-04,0.0572,9609.6,-100.8
,-0.0003,0.0569,9559.2,-151.2
,-0.0003,0.0566,9508.8,-201.6
,0,0.0566,9508.8,-201.6
,0,0.0566,9508.8,-201.6
,-0.0003,0.0563,9458.4,-252
,-0.0003,0.056,9408,-302.4
,-0.0003,0.0557,9357.6,-352.8
,0,0.0557,9357.6,-352.8
,0.0003,0.056,9408,-302.4
,-0.0003,0.0557,9357.6,-352.8
,-0.0003,0.0554,9307.2,-403.2
,-0.0003,0.0551,9256.8,-453.6
,0.0003,0.0554,9307.2,-403.2
,-0.0003,0.0551,9256.8,-453.6
,0,0.0551,9256.8,-453.6
,-1E-04,0.055,9240,-470.4
,0.0002,0.0552,9273.6,-436.8
,0.0007,0.0559,9391.2,-319.2
,0.0009,0.0568,9542.4,-168
,-0.0003,0.0565,9492,-218.4
,0.0002,0.0567,9525.6,-184.8
,-0.0003,0.0564,9475.2,-235.2
,-0.0003,0.0561,9424.8,-285.6
,-0.0003,0.0558,9374.4,-336
,-0.0003,0.0555,9324,-386.4
,0,0.0555,9324,-386.4
,0,0.0555,9324,-386.4
,-0.0003,0.0552,9273.6,-436.8
,-0.0003,0.0549,9223.2,-487.2
,0.0002,0.0551,9256.8,-453.6
,0.0002,0.0553,9290.4,-420
,0,0.0553,9290.4,-420
,0.0003,0.0556,9340.8,-369.6
,-0.0003,0.0553,9290.4,-420
,-0.0003,0.055,9240,-470.4
,-1E-04,0.0549,9223.2,-487.2
,0,0.0549,9223.2,-487.2
,0,0.0549,9223.2,-487.2
,0.0016,0.0565,9492,-218.4
,-0.0003,0.0562,9441.6,-268.8
,0.0001,0.0563,9458.4,-252
,0.0004,0.0567,9525.6,-184.8
,-0.0003,0.0564,9475.2,-235.2
,0.0006,0.057,9576,-134.4
,-0.0003,0.0567,9525.6,-184.8
,-0.0003,0.0564,9475.2,-235.2
,0,0.0564,9475.2,-235.2
,-0.0003,0.0561,9424.8,-285.6
,-0.0001,0.056,9408,-302.4
,-0.0001,0.0559,9391.2,-319.2
,0.0001,0.056,9408,-302.4
,0.0001,0.0561,9424.8,-285.6
,0,0.0561,9424.8,-285.6
,0.0005,0.0566,9508.8,-201.6
,-0.0003,0.0563,9458.4,-252
,-0.0002,0.0561,9424.8,-285.6
,0,0.0561,9424.8,-285.6
,-0.0003,0.0558,9374.4,-336
,1E-04,0.0559,9391.2,-319.2
,-0.0003,0.0556,9340.8,-369.6
,-0.0003,0.0553,9290.4,-420
,-0.0001,0.0552,9273.6,-436.8
,-0.0003,0.0549,9223.2,-487.2
,-0.0003,0.0546,9172.8,-537.6
,-0.0003,0.0543,9122.4,-588
,-0.0003,0.054,9072,-638.4
,-0.0002,0.0538,9038.4,-672
,-0.0003,0.0535,8988,-722.4
,0,0.0535,8988,-722.4
,0,0.0535,8988,-722.4
,1E-04,0.0536,9004.8,-705.6
,-0.0003,0.0533,8954.4,-756
,-0.0003,0.053,8904,-806.4
,-0.0003,0.0527,8853.6,-856.8
,-0.0003,0.0524,8803.2,-907.2
,0,0.0524,8803.2,-907.2
,-0.0002,0.0522,8769.6,-940.8
,0,0.0522,8769.6,-940.8
,0.0009,0.0531,8920.8,-789.6
,0.0004,0.0535,8988,-722.4
,0.0002,0.0537,9021.6,-688.8
,-0.0003,0.0534,8971.2,-739.2
,0.0002,0.0536,9004.8,-705.6
,0,0.0536,9004.8,-705.6
,0.0004,0.054,9072,-638.4
,0.0007,0.0547,9189.6,-520.8
,0.0005,0.0552,9273.6,-436.8
,0.0006,0.0558,9374.4,-336
,0,0.0558,9374.4,-336
,-0.0003,0.0555,9324,-386.4
,0,0.0555,9324,-386.4
,0.0001,0.0556,9340.8,-369.6
,-0.0003,0.0553,9290.4,-420
,0.0005,0.0558,9374.4,-336
,0.0003,0.0561,9424.8,-285.6
,-0.0001,0.056,9408,-302.4
,0,0.056,9408,-302.4
,-0.0003,0.0557,9357.6,-352.8
,0.001,0.0567,9525.6,-184.8
,0.0004,0.0571,9592.8,-117.6
,0,0.0571,9592.8,-117.6
,0,0.0571,9592.8,-117.6
,0.0001,0.0572,9609.6,-100.8
,-0.0001,0.0571,9592.8,-117.6
,-0.0003,0.0568,9542.4,-168
,0.0006,0.0574,9643.2,-67.2
,0.0002,0.0576,9676.8,-33.6
,0.0016,0.0592,9945.6,0
,-0.0001,0.0591,9928.8,-16.8
,1E-04,0.0592,9945.6,-1.81899E-12
,-0.0002,0.059,9912,-33.6
,0.0013,0.0603,10130.4,0
,0.0006,0.0609,10231.2,0
,-1E-04,0.0608,10214.4,-16.8
,0.0008,0.0616,10348.8,0
,0,0.0616,10348.8,0
,-0.0003,0.0613,10298.4,-50.4
,0.0011,0.0624,10483.2,0
,0,0.0624,10483.2,0
,-0.0003,0.0621,10432.8,-50.4
,0.0004,0.0625,10500,0
,-0.0003,0.0622,10449.6,-50.4
,-0.0003,0.0619,10399.2,-100.8
,-0.0003,0.0616,10348.8,-151.2
,-0.0001,0.0615,10332,-168
,-0.0003,0.0612,10281.6,-218.4
,-0.0003,0.0609,10231.2,-268.8
,-0.0003,0.0606,10180.8,-319.2
,-0.0003,0.0603,10130.4,-369.6
,-0.0003,0.06,10080,-420
,0.0003,0.0603,10130.4,-369.6
,0.0004,0.0607,10197.6,-302.4
,0.0003,0.061,10248,-252
,-1E-04,0.0609,10231.2,-268.8
,0,0.0609,10231.2,-268.8
,-0.0002,0.0607,10197.6,-302.4
,-0.0003,0.0604,10147.2,-352.8
,0.0003,0.0607,10197.6,-302.4
,0.0019,0.0626,10516.8,0
,0,0.0626,10516.8,0
,-0.0002,0.0624,10483.2,-33.6
,-0.0003,0.0621,10432.8,-84
,0.0006,0.0627,10533.6,0
,0,0.0627,10533.6,0
,0.0012,0.0639,10735.2,0
,-0.0003,0.0636,10684.8,-50.4
,0.0003,0.0639,10735.2,0
,1E-04,0.064,10752,0
,-0.0003,0.0637,10701.6,-50.4
,0.0008,0.0645,10836,0
,0,0.0645,10836,0
,0,0.0645,10836,0
,-1E-04,0.0644,10819.2,-16.8
,0,0.0644,10819.2,-16.8
,-0.0003,0.0641,10768.8,-67.2
,-0.0003,0.0638,10718.4,-117.6
,1E-04,0.0639,10735.2,-100.8
,0.0003,0.0642,10785.6,-50.4
,-0.0003,0.0639,10735.2,-100.8
,-0.0003,0.0636,10684.8,-151.2
,-0.0001,0.0635,10668,-168
,-0.0003,0.0632,10617.6,-218.4
,0.0001,0.0633,10634.4,-201.6
,0,0.0633,10634.4,-201.6
,0.0004,0.0637,10701.6,-134.4
,0.0007,0.0644,10819.2,-16.8
,-0.0003,0.0641,10768.8,-67.2
,-0.0003,0.0638,10718.4,-117.6
,-0.0003,0.0635,10668,-168
,-0.0003,0.0632,10617.6,-218.4
,0.0004,0.0636,10684.8,-151.2
,0,0.0636,10684.8,-151.2
,-0.0003,0.0633,10634.4,-201.6
,0.0001,0.0634,10651.2,-184.8
,1E-04,0.0635,10668,-168
,-0.0003,0.0632,10617.6,-218.4
,-0.0003,0.0629,10567.2,-268.8
,-0.0003,0.0626,10516.8,-319.2
,-0.0002,0.0624,10483.2,-352.8
,-0.0003,0.0621,10432.8,-403.2
,0,0.0621,10432.8,-403.2
,-0.0003,0.0618,10382.4,-453.6
,0.001,0.0628,10550.4,-285.6
,-0.0003,0.0625,10500,-336
,0.0011,0.0636,10684.8,-151.2
,0.0003,0.0639,10735.2,-100.8
,0.0002,0.0641,10768.8,-67.2
,0.0006,0.0647,10869.6,0
,-0.0003,0.0644,10819.2,-50.4
,-1E-04,0.0643,10802.4,-67.2
,0.0008,0.0651,10936.8,0
,0.0002,0.0653,10970.4,0
,-0.0003,0.065,10920,-50.4
,0.0003,0.0653,10970.4,0
,0,0.0653,10970.4,0
,0.0002,0.0655,11004,0
,0.0001,0.0656,11020.8,0
,-0.0003,0.0653,10970.4,-50.4
,-0.0003,0.065,10920,-100.8
,0.0007,0.0657,11037.6,0
,0.0002,0.0659,11071.2,0
,0.0002,0.0661,11104.8,0
,-0.0003,0.0658,11054.4,-50.4
,0.0002,0.066,11088,-16.8
,-0.0002,0.0658,11054.4,-50.4
,0.0005,0.0663,11138.4,0
,-0.0003,0.066,11088,-50.4
,0.0004,0.0664,11155.2,0
,-0.0003,0.0661,11104.8,-50.4
,0.0008,0.0669,11239.2,0
,0,0.0669,11239.2,0
,0.0003,0.0672,11289.6,0
,0.0008,0.068,11424,0
,-0.0003,0.0677,11373.6,-50.4
,-0.0003,0.0674,11323.2,-100.8
,0.0012,0.0686,11524.8,0
,0.0001,0.0687,11541.6,0
,0.0006,0.0693,11642.4,0
,-0.0003,0.069,11592,-50.4
,-0.0003,0.0687,11541.6,-100.8
,0.0004,0.0691,11608.8,-33.6
,0,0.0691,11608.8,-33.6
,1E-04,0.0692,11625.6,-16.8
,0,0.0692,11625.6,-16.8
,0.0007,0.0699,11743.2,0
,-0.0003,0.0696,11692.8,-50.4
,0.0002,0.0698,11726.4,-16.8
,0.0005,0.0703,11810.4,0
,-0.0003,0.07,11760,-50.4
,0.0006,0.0706,11860.8,0
,0.0007,0.0713,11978.4,0
,0.0008,0.0721,12112.8,0
,-0.0003,0.0718,12062.4,-50.4
,0.0003,0.0721,12112.8,0
,-0.0003,0.0718,12062.4,-50.4
,0.0006,0.0724,12163.2,0
,-0.0003,0.0721,12112.8,-50.4
,0.0008,0.0729,12247.2,0
,0.0006,0.0735,12348,0
,-1E-04,0.0734,12331.2,-16.8
,-0.0003,0.0731,12280.8,-67.2
,-0.0003,0.0728,12230.4,-117.6
,0.0008,0.0736,12364.8,0
,0.0004,0.074,12432,0
,0,0.074,12432,0
,0.0008,0.0748,12566.4,0
,0,0.0748,12566.4,0
,-0.0003,0.0745,12516,-50.4
,0.0017,0.0762,12801.6,0
,0,0.0762,12801.6,0
,0,0.0762,12801.6,0
,-0.0003,0.0759,12751.2,-50.4
,0.0014,0.0773,12986.4,0
,0.0005,0.0778,13070.4,0
,-0.0003,0.0775,13020,-50.4
,-0.0003,0.0772,12969.6,-100.8
,0.0004,0.0776,13036.8,-33.6
,-0.0003,0.0773,12986.4,-84
,0.0005,0.0778,13070.4,0
,0.0002,0.078,13104,0
,-0.0003,0.0777,13053.6,-50.4
,0.0005,0.0782,13137.6,0
,-0.0003,0.0779,13087.2,-50.4
,-0.0003,0.0776,13036.8,-100.8
,-0.0002,0.0774,13003.2,-134.4
,-0.0003,0.0771,12952.8,-184.8
,-0.0003,0.0768,12902.4,-235.2
,0.0002,0.077,12936,-201.6
,-0.0003,0.0767,12885.6,-252
,0.0006,0.0773,12986.4,-151.2
,-0.0003,0.077,12936,-201.6
,0.0008,0.0778,13070.4,-67.2
,0.0009,0.0787,13221.6,0
,-0.0003,0.0784,13171.2,-50.4
,0,0.0784,13171.2,-50.4
,-1E-04,0.0783,13154.4,-67.2
,-0.0002,0.0781,13120.8,-100.8
,0.0003,0.0784,13171.2,-50.4
,-0.0003,0.0781,13120.8,-100.8
,1E-04,0.0782,13137.6,-84
,0.0003,0.0785,13188,-33.6
,0.0001,0.0786,13204.8,-16.8
,0.0009,0.0795,13356,0
,0.0001,0.0796,13372.8,0
,-0.0003,0.0793,13322.4,-50.4
,-1E-04,0.0792,13305.6,-67.2
,0.0001,0.0793,13322.4,-50.4
,0.0001,0.0794,13339.2,-33.6
,-0.0001,0.0793,13322.4,-50.4
,0.0007,0.08,13440,0
,-0.0003,0.0797,13389.6,-50.4
,-0.0003,0.0794,13339.2,-100.8
,-0.0001,0.0793,13322.4,-117.6
,-0.0003,0.079,13272,-168
,0,0.079,13272,-168
,0.0019,0.0809,13591.2,0
,0.0001,0.081,13608,0
,-1E-04,0.0809,13591.2,-16.8
,-0.0003,0.0806,13540.8,-67.2
,0.0007,0.0813,13658.4,0
,0.0004,0.0817,13725.6,0
,0.0004,0.0821,13792.8,0
,0.0001,0.0822,13809.6,0
,0.0014,0.0836,14044.8,0
,-0.0001,0.0835,14028,-16.8
,-0.0003,0.0832,13977.6,-67.2
,-0.0003,0.0829,13927.2,-117.6
,0.0002,0.0831,13960.8,-84
,0.0006,0.0837,14061.6,0
,0.0001,0.0838,14078.4,0
,-0.0003,0.0835,14028,-50.4
,0,0.0835,14028,-50.4
,0.0017,0.0852,14313.6,0
,0.0009,0.0861,14464.8,0
,-0.0003,0.0858,14414.4,-50.4
,0.0002,0.086,14448,-16.8
,0.0003,0.0863,14498.4,0
,-0.0003,0.086,14448,-50.4
,-0.0003,0.0857,14397.6,-100.8
,0.0003,0.086,14448,-50.4
,0.0011,0.0871,14632.8,0
,-0.0003,0.0868,14582.4,-50.4
,-0.0003,0.0865,14532,-100.8
,-0.0002,0.0863,14498.4,-134.4
,-1E-04,0.0862,14481.6,-151.2
,-0.0003,0.0859,14431.2,-201.6
,0.0007,0.0866,14548.8,-84
,0.0007,0.0873,14666.4,0
,0.0004,0.0877,14733.6,0
,1E-04,0.0878,14750.4,0
,-0.0003,0.0875,14700,-50.4
,0.0007,0.0882,14817.6,0
,-0.0003,0.0879,14767.2,-50.4
,-0.0003,0.0876,14716.8,-100.8
,0.0003,0.0879,14767.2,-50.4
,-0.0003,0.0876,14716.8,-100.8
,0.0004,0.088,14784,-33.6
,-0.0001,0.0879,14767.2,-50.4
,-0.0003,0.0876,14716.8,-100.8
,0.0008,0.0884,14851.2,0
,-0.0003,0.0881,14800.8,-50.4
,-0.0003,0.0878,14750.4,-100.8
,0.0002,0.088,14784,-67.2
,1E-04,0.0881,14800.8,-50.4
,0.0014,0.0895,15036,0
,-0.0003,0.0892,14985.6,-50.4
,-0.0003,0.0889,14935.2,-100.8
,-0.0003,0.0886,14884.8,-151.2
,0.0004,0.089,14952,-84
,-0.0003,0.0887,14901.6,-134.4
,-0.0003,0.0884,14851.2,-184.8
,-0.0003,0.0881,14800.8,-235.2
,0.0014,0.0895,15036,0
,0.0001,0.0896,15052.8,0
,-0.0003,0.0893,15002.4,-50.4
,0.0008,0.0901,15136.8,0
,0.0008,0.0909,15271.2,0
,0,0.0909,15271.2,0
,0.0003,0.0912,15321.6,0
,1E-04,0.0913,15338.4,0
,0.0002,0.0915,15372,0
,-0.0001,0.0914,15355.2,-16.8
,0.0006,0.092,15456,0
,-0.0003,0.0917,15405.6,-50.4
,-0.0003,0.0914,15355.2,-100.8
,0.0004,0.0918,15422.4,-33.6
,-0.0003,0.0915,15372,-84
,-0.0003,0.0912,15321.6,-134.4
,-0.0003,0.0909,15271.2,-184.8
,0.0002,0.0911,15304.8,-151.2
,-0.0003,0.0908,15254.4,-201.6
,0.0005,0.0913,15338.4,-117.6
,-0.0003,0.091,15288,-168
,0,0.091,15288,-168
,0.0002,0.0912,15321.6,-134.4
,-0.0003,0.0909,15271.2,-184.8
,-0.0003,0.0906,15220.8,-235.2
,-0.0003,0.0903,15170.4,-285.6
,-1E-04,0.0902,15153.6,-302.4
,0,0.0902,15153.6,-302.4
,0,0.0902,15153.6,-302.4
,-0.0003,0.0899,15103.2,-352.8
,-0.0003,0.0896,15052.8,-403.2
,0.0004,0.09,15120,-336
,-0.0002,0.0898,15086.4,-369.6
,0,0.0898,15086.4,-369.6
,1E-04,0.0899,15103.2,-352.8
,1E-04,0.09,15120,-336
,0.0016,0.0916,15388.8,-67.2
,0.0004,0.092,15456,0
,0.0002,0.0922,15489.6,0
,0,0.0922,15489.6,0
,-0.0003,0.0919,15439.2,-50.4
,-0.0003,0.0916,15388.8,-100.8
,0.0005,0.0921,15472.8,-16.8
,0.0005,0.0926,15556.8,0
,-0.0003,0.0923,15506.4,-50.4
,0.0001,0.0924,15523.2,-33.6
,0,0.0924,15523.2,-33.6
,-0.0003,0.0921,15472.8,-84
,0.0007,0.0928,15590.4,0
,-0.0003,0.0925,15540,-50.4
,-0.0003,0.0922,15489.6,-100.8
,0,0.0922,15489.6,-100.8
,0.0002,0.0924,15523.2,-67.2
,-0.0003,0.0921,15472.8,-117.6
,0.0015,0.0936,15724.8,0
,-0.0003,0.0933,15674.4,-50.4
,0.0008,0.0941,15808.8,0
,0.0001,0.0942,15825.6,0
,-0.0003,0.0939,15775.2,-50.4
,-0.0003,0.0936,15724.8,-100.8
,0.0019,0.0955,16044,0
,0.0007,0.0962,16161.6,0
,0,0.0962,16161.6,0
,-0.0003,0.0959,16111.2,-50.4
,0,0.0959,16111.2,-50.4
,1E-04,0.096,16128,-33.6
,0.0002,0.0962,16161.6,0
,-0.0003,0.0959,16111.2,-50.4
,-0.0001,0.0958,16094.4,-67.2
,-0.0003,0.0955,16044,-117.6
,-0.0003,0.0952,15993.6,-168
,-0.0003,0.0949,15943.2,-218.4
,0.0001,0.095,15960,-201.6
,-1E-04,0.0949,15943.2,-218.4
,-0.0003,0.0946,15892.8,-268.8
,0.0004,0.095,15960,-201.6
,0,0.095,15960,-201.6
,-0.0003,0.0947,15909.6,-252
,0.0004,0.0951,15976.8,-184.8
,-0.0003,0.0948,15926.4,-235.2
,-0.0003,0.0945,15876,-285.6
,-0.0003,0.0942,15825.6,-336
,-0.0003,0.0939,15775.2,-386.4
,-0.0001,0.0938,15758.4,-403.2
,0.0003,0.0941,15808.8,-352.8
,0.0003,0.0944,15859.2,-302.4
,0.0004,0.0948,15926.4,-235.2
,-0.0003,0.0945,15876,-285.6
,0.0008,0.0953,16010.4,-151.2
,-0.0003,0.095,15960,-201.6
,-0.0003,0.0947,15909.6,-252
,0.0002,0.0949,15943.2,-218.4
,0.0003,0.0952,15993.6,-168
,0,0.0952,15993.6,-168
,-0.0003,0.0949,15943.2,-218.4
,0.0008,0.0957,16077.6,-84
,-0.0003,0.0954,16027.2,-134.4
,0.0001,0.0955,16044,-117.6
,0,0.0955,16044,-117.6
,-1E-04,0.0954,16027.2,-134.4
,-0.0003,0.0951,15976.8,-184.8
,0,0.0951,15976.8,-184.8
,-1E-04,0.095,15960,-201.6
,0,0.095,15960,-201.6
,0.0008,0.0958,16094.4,-67.2
,0.0005,0.0963,16178.4,0
,-0.0003,0.096,16128,-50.4
,-0.0003,0.0957,16077.6,-100.8
,-0.0001,0.0956,16060.8,-117.6
,0,0.0956,16060.8,-117.6
,-0.0003,0.0953,16010.4,-168
,0,0.0953,16010.4,-168
,-0.0003,0.095,15960,-218.4
,0.0002,0.0952,15993.6,-184.8
,0.0004,0.0956,16060.8,-117.6
,-0.0003,0.0953,16010.4,-168
,-0.0003,0.095,15960,-218.4
,0.0002,0.0952,15993.6,-184.8
,0,0.0952,15993.6,-184.8
,0.0006,0.0958,16094.4,-84
,-0.0003,0.0955,16044,-134.4
,0,0.0955,16044,-134.4
,-0.0003,0.0952,15993.6,-184.8
,-0.0003,0.0949,15943.2,-235.2
,-1E-04,0.0948,15926.4,-252
,-0.0003,0.0945,15876,-302.4
,0,0.0945,15876,-302.4
,-1E-04,0.0944,15859.2,-319.2
,0.0017,0.0961,16144.8,-33.6
,0.0001,0.0962,16161.6,-16.8
,-0.0003,0.0959,16111.2,-67.2
,-0.0003,0.0956,16060.8,-117.6
,0.0002,0.0958,16094.4,-84
,-0.0003,0.0955,16044,-134.4
,-0.0003,0.0952,15993.6,-184.8
,0.0003,0.0955,16044,-134.4
,0.0003,0.0958,16094.4,-84
,0.0002,0.096,16128,-50.4
,0,0.096,16128,-50.4
,0,0.096,16128,-50.4
,-0.0001,0.0959,16111.2,-67.2
,-0.0001,0.0958,16094.4,-84
,0.001,0.0968,16262.4,0
,0.001,0.0978,16430.4,0
,1E-04,0.0979,16447.2,0
,0.001,0.0989,16615.2,0
,-0.0003,0.0986,16564.8,-50.4
,-0.0003,0.0983,16514.4,-100.8
,-0.0003,0.098,16464,-151.2
,-1E-04,0.0979,16447.2,-168
,0,0.0979,16447.2,-168
,-0.0003,0.0976,16396.8,-218.4
,-0.0003,0.0973,16346.4,-268.8
,0.0001,0.0974,16363.2,-252
,-0.0003,0.0971,16312.8,-302.4
,-0.0003,0.0968,16262.4,-352.8
,0.0002,0.097,16296,-319.2
,0.0003,0.0973,16346.4,-268.8
,0.0003,0.0976,16396.8,-218.4
,-0.0003,0.0973,16346.4,-268.8
,-0.0003,0.097,16296,-319.2
,-0.0003,0.0967,16245.6,-369.6
,0.0006,0.0973,16346.4,-268.8
,-0.0003,0.097,16296,-319.2
,-0.0001,0.0969,16279.2,-336
,0,0.0969,16279.2,-336
,-0.0003,0.0966,16228.8,-386.4
,0.0008,0.0974,16363.2,-252
,-0.0003,0.0971,16312.8,-302.4
,0.0005,0.0976,16396.8,-218.4
,-0.0002,0.0974,16363.2,-252
,-0.0003,0.0971,16312.8,-302.4
,-1E-04,0.097,16296,-319.2
,-0.0001,0.0969,16279.2,-336
,0,0.0969,16279.2,-336
,-0.0003,0.0966,16228.8,-386.4
,-0.0003,0.0963,16178.4,-436.8
,-0.0003,0.096,16128,-487.2
,-0.0003,0.0957,16077.6,-537.6
,-0.0003,0.0954,16027.2,-588
,0.0001,0.0955,16044,-571.2
,0,0.0955,16044,-571.2
,-0.0002,0.0953,16010.4,-604.8
,-0.0003,0.095,15960,-655.2
,0.0003,0.0953,16010.4,-604.8
,-0.0002,0.0951,15976.8,-638.4
,0.0001,0.0952,15993.6,-621.6
,-0.0003,0.0949,15943.2,-672
,0.0003,0.0952,15993.6,-621.6
,0,0.0952,15993.6,-621.6
,0.001,0.0962,16161.6,-453.6
,0,0.0962,16161.6,-453.6
,0,0.0962,16161.6,-453.6
,-0.0003,0.0959,16111.2,-504
,-0.0003,0.0956,16060.8,-554.4
,0,0.0956,16060.8,-554.4
,-0.0003,0.0953,16010.4,-604.8
,0,0.0953,16010.4,-604.8
,0.0002,0.0955,16044,-571.2
,-1E-04,0.0954,16027.2,-588
,0.0002,0.0956,16060.8,-554.4
,-0.0003,0.0953,16010.4,-604.8
,0.0009,0.0962,16161.6,-453.6
,-0.0001,0.0961,16144.8,-470.4
,0,0.0961,16144.8,-470.4
,-0.0001,0.096,16128,-487.2
,0.0004,0.0964,16195.2,-420
,0.0006,0.097,16296,-319.2
,-0.0003,0.0967,16245.6,-369.6
,0,0.0967,16245.6,-369.6
,-0.0002,0.0965,16212,-403.2
,-0.0003,0.0962,16161.6,-453.6
Total ticks caught/lost,0.0962,,,
Wins,875,,,
Loss,1535,,,
HR,0.363070539,,,
Total Trades,2410,,,
TC per RT,1.74,,,
Rebate per RT,0.35,,,
RT,19280,,,
Total TC,33547.2,,,
Total Rebate,6748,,,
Tick Value,72.2,,,
Lots,4,,,
Dollar heat,60,,,
Gross PL,277825.6,,,
Net PL,251026.4,,,
SL,3,,,
Max DD,-991.2,,,
Sum DD,-532005.6,,,
Opt,-0.171314532,,,
